2025.10.29 11:24:52 WARN  Using H2 2.4.240 which is newer than the version Flyway has been verified with. The latest verified version of H2 is 2.3.232.
2025.10.29 11:24:52 INFO  no build target found for /Users/rakshithad/Documents/workspace/inquiry-api-service/assessment-api/assessment-service/app/controllers/BaseController.scala. Using presentation compiler with project's scala-library version: 3.3.6
2025.10.29 11:24:53 INFO  no build target found for /Users/rakshithad/Documents/workspace/inquiry-api-service/assessment-api/assessment-service/app/controllers/BaseController.scala. Using presentation compiler with project's scala-library version: 3.3.6
2025.10.29 11:24:53 WARN  no build target for: /Users/rakshithad/Documents/workspace/inquiry-api-service/assessment-api/assessment-service/app/controllers/BaseController.scala
2025.10.29 11:24:55 WARN  no build target for: /Users/rakshithad/Documents/workspace/inquiry-api-service/assessment-api/assessment-service/app/controllers/BaseController.scala
2025.10.29 11:24:55 INFO  no build target found for /Users/rakshithad/Documents/workspace/inquiry-api-service/assessment-api/assessment-service/app/controllers/BaseController.scala. Using presentation compiler with project's scala-library version: 3.3.6
2025.10.29 11:24:56 INFO  no build target found for /Users/rakshithad/Documents/workspace/inquiry-api-service/assessment-api/assessment-service/app/controllers/BaseController.scala. Using presentation compiler with project's scala-library version: 3.3.6
2025.10.29 11:24:57 INFO  no build target found for /Users/rakshithad/Documents/workspace/inquiry-api-service/assessment-api/assessment-service/app/controllers/HealthController.scala. Using presentation compiler with project's scala-library version: 3.3.6
2025.10.29 11:24:57 WARN  no build target for: /Users/rakshithad/Documents/workspace/inquiry-api-service/assessment-api/assessment-service/app/controllers/HealthController.scala
2025.10.29 11:24:58 INFO  no build target found for /Users/rakshithad/Documents/workspace/inquiry-api-service/assessment-api/assessment-service/app/controllers/HealthController.scala. Using presentation compiler with project's scala-library version: 3.3.6
2025.10.29 11:25:12 INFO  no build target found for /Users/rakshithad/Documents/workspace/inquiry-api-service/assessment-api/assessment-service/app/controllers/v3/ItemSetController.scala. Using presentation compiler with project's scala-library version: 3.3.6
2025.10.29 11:25:12 WARN  no build target for: /Users/rakshithad/Documents/workspace/inquiry-api-service/assessment-api/assessment-service/app/controllers/v3/ItemSetController.scala
2025.10.29 11:25:12 INFO  no build target found for /Users/rakshithad/Documents/workspace/inquiry-api-service/assessment-api/assessment-service/app/controllers/v3/ItemSetController.scala. Using presentation compiler with project's scala-library version: 3.3.6
2025.10.29 11:25:16 WARN  no build target for: /Users/rakshithad/Documents/workspace/inquiry-api-service/assessment-api/assessment-service/app/controllers/HealthController.scala
2025.10.29 11:25:16 INFO  no build target found for /Users/rakshithad/Documents/workspace/inquiry-api-service/assessment-api/assessment-service/app/controllers/HealthController.scala. Using presentation compiler with project's scala-library version: 3.3.6
2025.10.29 11:25:18 INFO  no build target found for /Users/rakshithad/Documents/workspace/inquiry-api-service/assessment-api/assessment-service/app/controllers/HealthController.scala. Using presentation compiler with project's scala-library version: 3.3.6
2025.10.29 11:25:24 INFO  no build target found for /Users/rakshithad/Documents/workspace/inquiry-api-service/assessment-api/assessment-service/app/controllers/v4/QuestionController.scala. Using presentation compiler with project's scala-library version: 3.3.6
2025.10.29 11:25:24 INFO  no build target found for /Users/rakshithad/Documents/workspace/inquiry-api-service/assessment-api/assessment-service/app/controllers/v4/QuestionController.scala. Using presentation compiler with project's scala-library version: 3.3.6
2025.10.29 11:25:24 WARN  no build target for: /Users/rakshithad/Documents/workspace/inquiry-api-service/assessment-api/assessment-service/app/controllers/v4/QuestionController.scala
2025.10.29 11:25:27 WARN  no build target for: /Users/rakshithad/Documents/workspace/inquiry-api-service/assessment-api/assessment-service/app/controllers/v4/QuestionController.scala
2025.10.29 11:25:28 INFO  no build target found for /Users/rakshithad/Documents/workspace/inquiry-api-service/assessment-api/assessment-service/app/controllers/v4/QuestionController.scala. Using presentation compiler with project's scala-library version: 3.3.6
2025.10.29 11:25:28 INFO  no build target found for /Users/rakshithad/Documents/workspace/inquiry-api-service/assessment-api/assessment-service/app/controllers/v4/QuestionController.scala. Using presentation compiler with project's scala-library version: 3.3.6
2025.10.29 11:25:34 INFO  no build target found for /Users/rakshithad/Documents/workspace/inquiry-api-service/assessment-api/assessment-service/app/controllers/v5/BaseController.scala. Using presentation compiler with project's scala-library version: 3.3.6
2025.10.29 11:25:34 WARN  no build target for: /Users/rakshithad/Documents/workspace/inquiry-api-service/assessment-api/assessment-service/app/controllers/v5/BaseController.scala
2025.10.29 11:25:34 INFO  no build target found for /Users/rakshithad/Documents/workspace/inquiry-api-service/assessment-api/assessment-service/app/controllers/v5/BaseController.scala. Using presentation compiler with project's scala-library version: 3.3.6
2025.10.29 11:25:34 INFO  no build target found for /Users/rakshithad/Documents/workspace/inquiry-api-service/assessment-api/assessment-service/app/controllers/v4/QuestionController.scala. Using presentation compiler with project's scala-library version: 3.3.6
2025.10.29 11:25:42 INFO  no build target found for /Users/rakshithad/Documents/workspace/inquiry-api-service/assessment-api/assessment-service/app/controllers/v5/QuestionController.scala. Using presentation compiler with project's scala-library version: 3.3.6
2025.10.29 11:25:42 WARN  no build target for: /Users/rakshithad/Documents/workspace/inquiry-api-service/assessment-api/assessment-service/app/controllers/v5/QuestionController.scala
2025.10.29 11:25:42 INFO  no build target found for /Users/rakshithad/Documents/workspace/inquiry-api-service/assessment-api/assessment-service/app/controllers/v5/QuestionController.scala. Using presentation compiler with project's scala-library version: 3.3.6
2025.10.29 11:25:42 INFO  no build target found for /Users/rakshithad/Documents/workspace/inquiry-api-service/assessment-api/assessment-service/app/controllers/v4/QuestionController.scala. Using presentation compiler with project's scala-library version: 3.3.6
2025.10.29 11:25:46 INFO  no build target found for /Users/rakshithad/Documents/workspace/inquiry-api-service/assessment-api/assessment-service/app/controllers/v5/QuestionSetController.scala. Using presentation compiler with project's scala-library version: 3.3.6
2025.10.29 11:25:46 INFO  no build target found for /Users/rakshithad/Documents/workspace/inquiry-api-service/assessment-api/assessment-service/app/controllers/v5/QuestionSetController.scala. Using presentation compiler with project's scala-library version: 3.3.6
2025.10.29 11:25:46 WARN  no build target for: /Users/rakshithad/Documents/workspace/inquiry-api-service/assessment-api/assessment-service/app/controllers/v5/QuestionSetController.scala
2025.10.29 11:25:46 INFO  no build target found for /Users/rakshithad/Documents/workspace/inquiry-api-service/assessment-api/assessment-service/app/controllers/v4/QuestionController.scala. Using presentation compiler with project's scala-library version: 3.3.6
2025.10.29 11:25:52 INFO  no build target found for /Users/rakshithad/Documents/workspace/inquiry-api-service/assessment-api/assessment-service/app/handlers/SignalHandler.scala. Using presentation compiler with project's scala-library version: 3.3.6
2025.10.29 11:25:52 INFO  no build target found for /Users/rakshithad/Documents/workspace/inquiry-api-service/assessment-api/assessment-service/app/handlers/SignalHandler.scala. Using presentation compiler with project's scala-library version: 3.3.6
2025.10.29 11:25:52 WARN  no build target for: /Users/rakshithad/Documents/workspace/inquiry-api-service/assessment-api/assessment-service/app/handlers/SignalHandler.scala
2025.10.29 11:25:52 INFO  no build target found for /Users/rakshithad/Documents/workspace/inquiry-api-service/assessment-api/assessment-service/app/controllers/v4/QuestionController.scala. Using presentation compiler with project's scala-library version: 3.3.6
2025.10.29 11:26:00 INFO  no build target found for /Users/rakshithad/Documents/workspace/inquiry-api-service/assessment-api/assessment-service/app/modules/AssessmentModule.scala. Using presentation compiler with project's scala-library version: 3.3.6
2025.10.29 11:26:00 WARN  no build target for: /Users/rakshithad/Documents/workspace/inquiry-api-service/assessment-api/assessment-service/app/modules/AssessmentModule.scala
2025.10.29 11:26:00 INFO  no build target found for /Users/rakshithad/Documents/workspace/inquiry-api-service/assessment-api/assessment-service/app/modules/AssessmentModule.scala. Using presentation compiler with project's scala-library version: 3.3.6
2025.10.29 11:26:00 INFO  no build target found for /Users/rakshithad/Documents/workspace/inquiry-api-service/assessment-api/assessment-service/app/controllers/v4/QuestionController.scala. Using presentation compiler with project's scala-library version: 3.3.6
2025.10.29 11:26:05 INFO  no build target found for /Users/rakshithad/Documents/workspace/inquiry-api-service/assessment-api/assessment-service/app/modules/AssessmentModule.scala. Using presentation compiler with project's scala-library version: 3.3.6
2025.10.29 11:26:05 WARN  no build target for: /Users/rakshithad/Documents/workspace/inquiry-api-service/assessment-api/assessment-service/app/modules/AssessmentModule.scala
2025.10.29 11:26:05 INFO  no build target found for /Users/rakshithad/Documents/workspace/inquiry-api-service/assessment-api/assessment-service/app/modules/AssessmentModule.scala. Using presentation compiler with project's scala-library version: 3.3.6
2025.10.29 11:26:05 INFO  no build target found for /Users/rakshithad/Documents/workspace/inquiry-api-service/assessment-api/assessment-service/app/controllers/v4/QuestionController.scala. Using presentation compiler with project's scala-library version: 3.3.6
2025.10.29 11:26:10 INFO  no build target found for /Users/rakshithad/Documents/workspace/inquiry-api-service/assessment-api/assessment-service/test/modules/TestModule.scala. Using presentation compiler with project's scala-library version: 3.3.6
2025.10.29 11:26:10 WARN  no build target for: /Users/rakshithad/Documents/workspace/inquiry-api-service/assessment-api/assessment-service/test/modules/TestModule.scala
2025.10.29 11:26:10 INFO  no build target found for /Users/rakshithad/Documents/workspace/inquiry-api-service/assessment-api/assessment-service/test/modules/TestModule.scala. Using presentation compiler with project's scala-library version: 3.3.6
2025.10.29 11:26:10 INFO  no build target found for /Users/rakshithad/Documents/workspace/inquiry-api-service/assessment-api/assessment-service/app/controllers/v4/QuestionController.scala. Using presentation compiler with project's scala-library version: 3.3.6
2025.10.29 11:26:15 INFO  no build target found for /Users/rakshithad/Documents/workspace/inquiry-api-service/assessment-api/assessment-service/test/modules/TestModule.scala. Using presentation compiler with project's scala-library version: 3.3.6
2025.10.29 11:26:15 INFO  no build target found for /Users/rakshithad/Documents/workspace/inquiry-api-service/assessment-api/assessment-service/test/modules/TestModule.scala. Using presentation compiler with project's scala-library version: 3.3.6
2025.10.29 11:26:15 WARN  no build target for: /Users/rakshithad/Documents/workspace/inquiry-api-service/assessment-api/assessment-service/test/modules/TestModule.scala
2025.10.29 11:26:15 INFO  no build target found for /Users/rakshithad/Documents/workspace/inquiry-api-service/assessment-api/assessment-service/app/controllers/v4/QuestionController.scala. Using presentation compiler with project's scala-library version: 3.3.6
2025.10.29 11:26:32 INFO  no build target found for /Users/rakshithad/Documents/workspace/inquiry-api-service/assessment-api/assessment-service/app/controllers/v4/QuestionController.scala. Using presentation compiler with project's scala-library version: 3.3.6
2025.10.29 11:26:47 INFO  no build target found for /Users/rakshithad/Documents/workspace/inquiry-api-service/assessment-api/assessment-service/app/controllers/v4/QuestionController.scala. Using presentation compiler with project's scala-library version: 3.3.6
2025.10.29 11:28:21 WARN  no build target for: /Users/rakshithad/Documents/workspace/inquiry-api-service/assessment-api/assessment-service/app/controllers/HealthController.scala
2025.10.29 11:28:21 WARN  no build target for: /Users/rakshithad/Documents/workspace/inquiry-api-service/assessment-api/assessment-service/app/controllers/v3/ItemSetController.scala
2025.10.29 11:28:21 WARN  no build target for: /Users/rakshithad/Documents/workspace/inquiry-api-service/assessment-api/assessment-service/app/controllers/v4/QuestionController.scala
2025.10.29 11:28:21 WARN  no build target for: /Users/rakshithad/Documents/workspace/inquiry-api-service/assessment-api/assessment-service/app/controllers/v5/QuestionSetController.scala
2025.10.29 11:28:21 WARN  no build target for: /Users/rakshithad/Documents/workspace/inquiry-api-service/assessment-api/assessment-service/test/modules/TestModule.scala
2025.10.29 11:28:21 WARN  no build target for: /Users/rakshithad/Documents/workspace/inquiry-api-service/assessment-api/assessment-service/app/controllers/v5/QuestionController.scala
2025.10.29 11:28:21 WARN  no build target for: /Users/rakshithad/Documents/workspace/inquiry-api-service/assessment-api/assessment-service/app/handlers/SignalHandler.scala
2025.10.29 11:28:21 WARN  no build target for: /Users/rakshithad/Documents/workspace/inquiry-api-service/assessment-api/assessment-service/app/controllers/BaseController.scala
2025.10.29 11:28:21 WARN  no build target for: /Users/rakshithad/Documents/workspace/inquiry-api-service/assessment-api/assessment-service/app/controllers/v5/BaseController.scala
2025.10.29 11:28:21 WARN  no build target for: /Users/rakshithad/Documents/workspace/inquiry-api-service/assessment-api/assessment-service/app/modules/AssessmentModule.scala
2025.10.29 12:20:49 INFO  no build target found for /Users/rakshithad/Documents/workspace/inquiry-api-service/assessment-api/assessment-service/app/controllers/BaseController.scala. Using presentation compiler with project's scala-library version: 3.3.6
2025.10.29 12:20:49 INFO  no build target found for /Users/rakshithad/Documents/workspace/inquiry-api-service/assessment-api/assessment-service/app/controllers/HealthController.scala. Using presentation compiler with project's scala-library version: 3.3.6
2025.10.29 12:20:49 INFO  no build target found for /Users/rakshithad/Documents/workspace/inquiry-api-service/assessment-api/assessment-service/app/controllers/v3/ItemSetController.scala. Using presentation compiler with project's scala-library version: 3.3.6
2025.10.29 12:20:49 INFO  no build target found for /Users/rakshithad/Documents/workspace/inquiry-api-service/assessment-api/assessment-service/app/controllers/v4/QuestionController.scala. Using presentation compiler with project's scala-library version: 3.3.6
2025.10.29 12:20:49 INFO  no build target found for /Users/rakshithad/Documents/workspace/inquiry-api-service/assessment-api/assessment-service/app/controllers/v5/BaseController.scala. Using presentation compiler with project's scala-library version: 3.3.6
2025.10.29 12:20:49 INFO  no build target found for /Users/rakshithad/Documents/workspace/inquiry-api-service/assessment-api/assessment-service/app/controllers/v5/QuestionController.scala. Using presentation compiler with project's scala-library version: 3.3.6
2025.10.29 12:20:49 INFO  no build target found for /Users/rakshithad/Documents/workspace/inquiry-api-service/assessment-api/assessment-service/app/controllers/v5/QuestionSetController.scala. Using presentation compiler with project's scala-library version: 3.3.6
2025.10.29 12:20:49 INFO  no build target found for /Users/rakshithad/Documents/workspace/inquiry-api-service/assessment-api/assessment-service/app/handlers/SignalHandler.scala. Using presentation compiler with project's scala-library version: 3.3.6
2025.10.29 12:20:49 INFO  no build target found for /Users/rakshithad/Documents/workspace/inquiry-api-service/assessment-api/assessment-service/app/modules/AssessmentModule.scala. Using presentation compiler with project's scala-library version: 3.3.6
2025.10.29 12:20:49 INFO  no build target found for /Users/rakshithad/Documents/workspace/inquiry-api-service/assessment-api/assessment-service/test/modules/TestModule.scala. Using presentation compiler with project's scala-library version: 3.3.6
2025.10.29 12:20:50 INFO  no build target found for /Users/rakshithad/Documents/workspace/inquiry-api-service/assessment-api/assessment-service/app/controllers/BaseController.scala. Using presentation compiler with project's scala-library version: 3.3.6
2025.10.29 12:20:50 WARN  no build target for: /Users/rakshithad/Documents/workspace/inquiry-api-service/assessment-api/assessment-service/app/controllers/BaseController.scala
2025.10.29 12:20:50 WARN  no build target for: /Users/rakshithad/Documents/workspace/inquiry-api-service/assessment-api/assessment-service/app/controllers/v4/QuestionController.scala
2025.10.29 12:20:50 WARN  no build target for: /Users/rakshithad/Documents/workspace/inquiry-api-service/assessment-api/assessment-service/app/controllers/v5/BaseController.scala
2025.10.29 12:20:49 INFO  no build target found for /Users/rakshithad/Documents/workspace/inquiry-api-service/assessment-api/assessment-service/app/controllers/v5/BaseController.scala. Using presentation compiler with project's scala-library version: 3.3.6
2025.10.29 12:20:50 INFO  no build target found for /Users/rakshithad/Documents/workspace/inquiry-api-service/assessment-api/assessment-service/app/controllers/v5/BaseController.scala. Using presentation compiler with project's scala-library version: 3.3.6
2025.10.29 12:20:50 WARN  no build target for: /Users/rakshithad/Documents/workspace/inquiry-api-service/assessment-api/assessment-service/app/controllers/HealthController.scala
2025.10.29 12:20:50 WARN  no build target for: /Users/rakshithad/Documents/workspace/inquiry-api-service/assessment-api/assessment-service/app/handlers/SignalHandler.scala
2025.10.29 12:20:49 INFO  no build target found for /Users/rakshithad/Documents/workspace/inquiry-api-service/assessment-api/assessment-service/app/handlers/SignalHandler.scala. Using presentation compiler with project's scala-library version: 3.3.6
2025.10.29 12:20:50 INFO  no build target found for /Users/rakshithad/Documents/workspace/inquiry-api-service/assessment-api/assessment-service/app/controllers/v4/QuestionController.scala. Using presentation compiler with project's scala-library version: 3.3.6
2025.10.29 12:20:50 INFO  no build target found for /Users/rakshithad/Documents/workspace/inquiry-api-service/assessment-api/assessment-service/app/handlers/SignalHandler.scala. Using presentation compiler with project's scala-library version: 3.3.6
2025.10.29 12:20:50 INFO  no build target found for /Users/rakshithad/Documents/workspace/inquiry-api-service/assessment-api/assessment-service/app/controllers/v3/ItemSetController.scala. Using presentation compiler with project's scala-library version: 3.3.6
2025.10.29 12:20:50 WARN  no build target for: /Users/rakshithad/Documents/workspace/inquiry-api-service/assessment-api/assessment-service/app/controllers/v3/ItemSetController.scala
2025.10.29 12:20:51 INFO  no build target found for /Users/rakshithad/Documents/workspace/inquiry-api-service/assessment-api/assessment-service/app/controllers/HealthController.scala. Using presentation compiler with project's scala-library version: 3.3.6
2025.10.29 12:20:50 INFO  no build target found for /Users/rakshithad/Documents/workspace/inquiry-api-service/assessment-api/assessment-service/app/controllers/v3/ItemSetController.scala. Using presentation compiler with project's scala-library version: 3.3.6
2025.10.29 12:20:50 INFO  no build target found for /Users/rakshithad/Documents/workspace/inquiry-api-service/assessment-api/assessment-service/app/controllers/v5/QuestionSetController.scala. Using presentation compiler with project's scala-library version: 3.3.6
2025.10.29 12:20:50 WARN  no build target for: /Users/rakshithad/Documents/workspace/inquiry-api-service/assessment-api/assessment-service/app/controllers/v5/QuestionSetController.scala
2025.10.29 12:20:51 INFO  no build target found for /Users/rakshithad/Documents/workspace/inquiry-api-service/assessment-api/assessment-service/app/controllers/v5/QuestionSetController.scala. Using presentation compiler with project's scala-library version: 3.3.6
2025.10.29 12:20:50 WARN  no build target for: /Users/rakshithad/Documents/workspace/inquiry-api-service/assessment-api/assessment-service/app/modules/AssessmentModule.scala
2025.10.29 12:20:50 INFO  no build target found for /Users/rakshithad/Documents/workspace/inquiry-api-service/assessment-api/assessment-service/app/modules/AssessmentModule.scala. Using presentation compiler with project's scala-library version: 3.3.6
2025.10.29 12:20:51 INFO  no build target found for /Users/rakshithad/Documents/workspace/inquiry-api-service/assessment-api/assessment-service/app/modules/AssessmentModule.scala. Using presentation compiler with project's scala-library version: 3.3.6
2025.10.29 12:20:51 WARN  no build target for: /Users/rakshithad/Documents/workspace/inquiry-api-service/assessment-api/assessment-service/test/modules/TestModule.scala
2025.10.29 12:20:50 INFO  no build target found for /Users/rakshithad/Documents/workspace/inquiry-api-service/assessment-api/assessment-service/test/modules/TestModule.scala. Using presentation compiler with project's scala-library version: 3.3.6
2025.10.29 12:20:50 INFO  no build target found for /Users/rakshithad/Documents/workspace/inquiry-api-service/assessment-api/assessment-service/test/modules/TestModule.scala. Using presentation compiler with project's scala-library version: 3.3.6
2025.10.29 12:20:51 INFO  no build target found for /Users/rakshithad/Documents/workspace/inquiry-api-service/assessment-api/assessment-service/app/controllers/v5/QuestionController.scala. Using presentation compiler with project's scala-library version: 3.3.6
2025.10.29 12:20:50 INFO  no build target found for /Users/rakshithad/Documents/workspace/inquiry-api-service/assessment-api/assessment-service/app/controllers/v5/QuestionController.scala. Using presentation compiler with project's scala-library version: 3.3.6
2025.10.29 12:20:51 WARN  no build target for: /Users/rakshithad/Documents/workspace/inquiry-api-service/assessment-api/assessment-service/app/controllers/v5/QuestionController.scala
2025.10.29 12:22:14 INFO  no build target found for /Users/rakshithad/Documents/workspace/inquiry-api-service/assessment-api/assessment-actors/src/main/scala/org/sunbird/managers/AssessmentManager.scala. Using presentation compiler with project's scala-library version: 3.3.6
2025.10.29 12:22:14 INFO  no build target found for /Users/rakshithad/Documents/workspace/inquiry-api-service/assessment-api/qs-hierarchy-manager/src/main/scala/org/sunbird/managers/HierarchyManager.scala. Using presentation compiler with project's scala-library version: 3.3.6
2025.10.29 12:22:14 INFO  no build target found for /Users/rakshithad/Documents/workspace/inquiry-api-service/assessment-api/assessment-actors/src/main/scala/org/sunbird/managers/CopyManager.scala. Using presentation compiler with project's scala-library version: 3.3.6
2025.10.29 12:22:14 INFO  no build target found for /Users/rakshithad/Documents/workspace/inquiry-api-service/assessment-api/assessment-actors/src/main/scala/org/sunbird/v5/managers/AssessmentV5Manager.scala. Using presentation compiler with project's scala-library version: 3.3.6
2025.10.29 12:22:14 INFO  no build target found for /Users/rakshithad/Documents/workspace/inquiry-api-service/assessment-api/qs-hierarchy-manager/src/test/scala/org/sunbird/managers/HierarchyManagerTest.scala. Using presentation compiler with project's scala-library version: 3.3.6
2025.10.29 12:22:14 INFO  no build target found for /Users/rakshithad/Documents/workspace/inquiry-api-service/assessment-api/qs-hierarchy-manager/src/main/scala/org/sunbird/managers/UpdateHierarchyManager.scala. Using presentation compiler with project's scala-library version: 3.3.6
2025.10.29 12:22:14 INFO  no build target found for /Users/rakshithad/Documents/workspace/inquiry-api-service/assessment-api/qs-hierarchy-manager/src/test/scala/org/sunbird/managers/BaseSpec.scala. Using presentation compiler with project's scala-library version: 3.3.6
2025.10.29 12:22:14 INFO  no build target found for /Users/rakshithad/Documents/workspace/inquiry-api-service/assessment-api/qs-hierarchy-manager/src/test/scala/org/sunbird/managers/UpdateHierarchyManagerTest.scala. Using presentation compiler with project's scala-library version: 3.3.6
Oct 29, 2025 12:26:13 PM org.eclipse.lsp4j.jsonrpc.services.GenericEndpoint notify
INFO: Unsupported notification method: $/setTrace
Oct 29, 2025 12:28:30 PM org.eclipse.lsp4j.jsonrpc.services.GenericEndpoint notify
INFO: Unsupported notification method: $/setTrace
2025.10.29 12:29:36 INFO  no build target found for /Users/rakshithad/Documents/workspace/inquiry-api-service/assessment-api/assessment-actors/src/main/scala/org/sunbird/v5/managers/AssessmentV5Manager.scala. Using presentation compiler with project's scala-library version: 3.3.6
2025.10.29 12:29:36 INFO  no build target found for /Users/rakshithad/Documents/workspace/inquiry-api-service/assessment-api/assessment-actors/src/main/scala/org/sunbird/v5/managers/AssessmentV5Manager.scala. Using presentation compiler with project's scala-library version: 3.3.6
2025.10.29 12:29:37 INFO  no build target found for /Users/rakshithad/Documents/workspace/inquiry-api-service/assessment-api/assessment-actors/src/main/scala/org/sunbird/v5/managers/AssessmentV5Manager.scala. Using presentation compiler with project's scala-library version: 3.3.6
2025.10.29 12:29:38 INFO  no build target found for /Users/rakshithad/Documents/workspace/inquiry-api-service/assessment-api/assessment-actors/src/main/scala/org/sunbird/managers/AssessmentManager.scala. Using presentation compiler with project's scala-library version: 3.3.6
2025.10.29 12:32:19 INFO  no build target found for /Users/rakshithad/Documents/workspace/inquiry-api-service/assessment-api/assessment-actors/src/main/scala/org/sunbird/managers/AssessmentManager.scala. Using presentation compiler with project's scala-library version: 3.3.6
2025.10.29 12:32:19 INFO  no build target found for /Users/rakshithad/Documents/workspace/inquiry-api-service/assessment-api/assessment-actors/src/main/scala/org/sunbird/managers/AssessmentManager.scala. Using presentation compiler with project's scala-library version: 3.3.6
2025.10.29 12:32:20 INFO  no build target found for /Users/rakshithad/Documents/workspace/inquiry-api-service/assessment-api/assessment-actors/src/main/scala/org/sunbird/managers/AssessmentManager.scala. Using presentation compiler with project's scala-library version: 3.3.6
org.h2.message.DbException: Log file error: "/Users/rakshithad/Documents/workspace/inquiry-api-service/.metals/metals.trace.db", cause: "java.nio.file.FileSystemException: /Users/rakshithad/Documents/workspace/inquiry-api-service/.metals/metals.trace.db: No space left on device" [90034-240]
org.h2.message.DbException: Log file error: "/Users/rakshithad/Documents/workspace/inquiry-api-service/.metals/metals.trace.db", cause: "java.nio.file.FileSystemException: /Users/rakshithad/Documents/workspace/inquiry-api-service/.metals/metals.trace.db: No space left on device" [90034-240]
	at org.h2.message.DbException.get(DbException.java:212)
	... 26 more




2025.10.29 12:37:40 INFO  Shutting down server
2025.10.29 12:37:40 INFO  shutting down Metals
2025.10.29 12:37:40 INFO  Exiting server
2025.10.29 12:37:40 ERROR Unexpected error initializing server: 
org.eclipse.lsp4j.jsonrpc.ResponseErrorException: Request window/showMessageRequest failed with message: Canceled
	at org.eclipse.lsp4j.jsonrpc.RemoteEndpoint.handleResponse(RemoteEndpoint.java:220)
	at org.eclipse.lsp4j.jsonrpc.RemoteEndpoint.consume(RemoteEndpoint.java:204)
	at org.eclipse.lsp4j.jsonrpc.json.StreamMessageProducer.handleMessage(StreamMessageProducer.java:185)
	at org.eclipse.lsp4j.jsonrpc.json.StreamMessageProducer.listen(StreamMessageProducer.java:97)
	at org.eclipse.lsp4j.jsonrpc.json.ConcurrentMessageProcessor.run(ConcurrentMessageProcessor.java:114)
	at java.util.concurrent.Executors$RunnableAdapter.call(Executors.java:572)
	at java.util.concurrent.FutureTask.run(FutureTask.java:317)
	at java.util.concurrent.ThreadPoolExecutor.runWorker(ThreadPoolExecutor.java:1144)
	at java.util.concurrent.ThreadPoolExecutor$Worker.run(ThreadPoolExecutor.java:642)
	at java.lang.Thread.run(Thread.java:1575)

2025.10.29 13:16:45 INFO  Started: Metals version 1.6.3 in folders '/Users/rakshithad/Documents/workspace/inquiry-api-service' for client Cursor 1.99.3.
2025.10.29 13:16:45 WARN  Using H2 2.4.240 which is newer than the version Flyway has been verified with. The latest verified version of H2 is 2.3.232.
2025.10.29 13:16:45 INFO  no build target found for /Users/rakshithad/Documents/workspace/inquiry-api-service/assessment-api/assessment-service/app/controllers/HealthController.scala. Using presentation compiler with project's scala-library version: 3.3.6
2025.10.29 13:16:47 INFO  no build target found for /Users/rakshithad/Documents/workspace/inquiry-api-service/assessment-api/assessment-service/app/controllers/HealthController.scala. Using presentation compiler with project's scala-library version: 3.3.6
2025.10.29 13:16:47 INFO  no build target found for /Users/rakshithad/Documents/workspace/inquiry-api-service/assessment-api/assessment-service/app/controllers/HealthController.scala. Using presentation compiler with project's scala-library version: 3.3.6
2025.10.29 13:16:47 INFO  no build target found for /Users/rakshithad/Documents/workspace/inquiry-api-service/assessment-api/assessment-service/app/controllers/HealthController.scala. Using presentation compiler with project's scala-library version: 3.3.6
2025.10.29 13:16:47 INFO  no build target found for /Users/rakshithad/Documents/workspace/inquiry-api-service/assessment-api/assessment-service/app/controllers/HealthController.scala. Using presentation compiler with project's scala-library version: 3.3.6
2025.10.29 17:45:16 INFO  Started: Metals version 1.6.3 in folders '/Users/rakshithad/Documents/workspace/inquiry-api-service' for client Cursor 1.99.3.
2025.10.29 17:45:18 WARN  Using H2 2.4.240 which is newer than the version Flyway has been verified with. The latest verified version of H2 is 2.3.232.
2025.10.29 17:45:18 INFO  no build target found for /Users/rakshithad/Documents/workspace/inquiry-api-service/assessment-api/assessment-actors/src/test/scala/org/sunbird/actors/v5/QuestionSetActorTest.scala. Using presentation compiler with project's scala-library version: 3.3.6
2025.10.29 17:45:26 INFO  no build target found for /Users/rakshithad/Documents/workspace/inquiry-api-service/assessment-api/assessment-actors/src/test/scala/org/sunbird/actors/v5/QuestionSetActorTest.scala. Using presentation compiler with project's scala-library version: 3.3.6
2025.10.29 17:45:26 WARN  no build target for: /Users/rakshithad/Documents/workspace/inquiry-api-service/assessment-api/assessment-actors/src/test/scala/org/sunbird/actors/v5/QuestionSetActorTest.scala
2025.10.29 17:45:26 INFO  no build target found for /Users/rakshithad/Documents/workspace/inquiry-api-service/assessment-api/assessment-actors/src/test/scala/org/sunbird/actors/v5/QuestionSetActorTest.scala. Using presentation compiler with project's scala-library version: 3.3.6
2025.10.29 17:45:26 INFO  no build target found for /Users/rakshithad/Documents/workspace/inquiry-api-service/assessment-api/assessment-actors/src/test/scala/org/sunbird/actors/v5/QuestionSetActorTest.scala. Using presentation compiler with project's scala-library version: 3.3.6
2025.10.29 18:01:47 INFO  no build target found for /Users/rakshithad/Documents/workspace/inquiry-api-service/assessment-api/assessment-actors/src/test/scala/org/sunbird/actors/v5/QuestionSetActorTest.scala. Using presentation compiler with project's scala-library version: 3.3.6
2025.10.29 18:05:57 INFO  no build target found for /Users/rakshithad/Documents/workspace/inquiry-api-service/assessment-api/assessment-actors/src/test/scala/org/sunbird/actors/v5/QuestionSetActorTest.scala. Using presentation compiler with project's scala-library version: 3.3.6
2025.10.29 18:05:57 INFO  no build target found for /Users/rakshithad/Documents/workspace/inquiry-api-service/assessment-api/assessment-actors/src/test/scala/org/sunbird/actors/v5/QuestionSetActorTest.scala. Using presentation compiler with project's scala-library version: 3.3.6
2025.10.29 18:05:58 INFO  no build target found for /Users/rakshithad/Documents/workspace/inquiry-api-service/assessment-api/assessment-actors/src/test/scala/org/sunbird/actors/v5/QuestionSetActorTest.scala. Using presentation compiler with project's scala-library version: 3.3.6
2025.10.29 18:05:58 INFO  Created report: Optional[file:///Users/rakshithad/Documents/workspace/inquiry-api-service/assessment-api/assessment-actors/src/test/scala/org/sunbird/actors/v5/QuestionSetActorTest.scala]
2025.10.29 18:05:58 INFO  empty definition using pc, found symbol in pc: `<none>`. (full report at: "/Users/rakshithad/Documents/workspace/inquiry-api-service/.metals/.reports/metals-full/2025-10-29/r_empty-definition_18-05-58-965.md")
2025.10.29 18:06:08 INFO  no build target found for /Users/rakshithad/Documents/workspace/inquiry-api-service/assessment-api/assessment-actors/src/test/scala/org/sunbird/actors/v5/QuestionSetActorTest.scala. Using presentation compiler with project's scala-library version: 3.3.6
2025.10.29 18:06:46 INFO  no build target found for /Users/rakshithad/Documents/workspace/inquiry-api-service/assessment-api/assessment-service/app/controllers/v5/BaseController.scala. Using presentation compiler with project's scala-library version: 3.3.6
2025.10.29 18:06:46 WARN  no build target for: /Users/rakshithad/Documents/workspace/inquiry-api-service/assessment-api/assessment-service/app/controllers/v5/BaseController.scala
2025.10.29 18:06:46 INFO  no build target found for /Users/rakshithad/Documents/workspace/inquiry-api-service/assessment-api/assessment-service/app/controllers/v5/BaseController.scala. Using presentation compiler with project's scala-library version: 3.3.6
2025.10.29 18:06:48 WARN  no build target for: /Users/rakshithad/Documents/workspace/inquiry-api-service/assessment-api/assessment-service/app/controllers/BaseController.scala
2025.10.29 18:06:48 INFO  no build target found for /Users/rakshithad/Documents/workspace/inquiry-api-service/assessment-api/assessment-service/app/controllers/BaseController.scala. Using presentation compiler with project's scala-library version: 3.3.6
2025.10.29 18:06:48 INFO  no build target found for /Users/rakshithad/Documents/workspace/inquiry-api-service/assessment-api/assessment-service/app/controllers/BaseController.scala. Using presentation compiler with project's scala-library version: 3.3.6
2025.10.29 18:06:48 INFO  no build target found for /Users/rakshithad/Documents/workspace/inquiry-api-service/assessment-api/assessment-service/app/controllers/v4/QuestionController.scala. Using presentation compiler with project's scala-library version: 3.3.6
2025.10.29 18:06:48 INFO  no build target found for /Users/rakshithad/Documents/workspace/inquiry-api-service/assessment-api/assessment-service/app/controllers/v4/QuestionController.scala. Using presentation compiler with project's scala-library version: 3.3.6
2025.10.29 18:06:48 WARN  no build target for: /Users/rakshithad/Documents/workspace/inquiry-api-service/assessment-api/assessment-service/app/controllers/v4/QuestionController.scala
2025.10.29 18:06:48 INFO  no build target found for /Users/rakshithad/Documents/workspace/inquiry-api-service/assessment-api/assessment-service/app/controllers/HealthController.scala. Using presentation compiler with project's scala-library version: 3.3.6
2025.10.29 18:06:48 INFO  no build target found for /Users/rakshithad/Documents/workspace/inquiry-api-service/assessment-api/assessment-service/app/controllers/HealthController.scala. Using presentation compiler with project's scala-library version: 3.3.6
2025.10.29 18:06:48 WARN  no build target for: /Users/rakshithad/Documents/workspace/inquiry-api-service/assessment-api/assessment-service/app/controllers/HealthController.scala
2025.10.29 18:06:48 INFO  no build target found for /Users/rakshithad/Documents/workspace/inquiry-api-service/assessment-api/assessment-service/app/controllers/v5/QuestionSetController.scala. Using presentation compiler with project's scala-library version: 3.3.6
2025.10.29 18:06:48 INFO  no build target found for /Users/rakshithad/Documents/workspace/inquiry-api-service/assessment-api/assessment-service/app/controllers/v5/QuestionSetController.scala. Using presentation compiler with project's scala-library version: 3.3.6
2025.10.29 18:06:49 WARN  no build target for: /Users/rakshithad/Documents/workspace/inquiry-api-service/assessment-api/assessment-service/app/controllers/v5/QuestionSetController.scala
2025.10.29 18:06:49 WARN  no build target for: /Users/rakshithad/Documents/workspace/inquiry-api-service/assessment-api/assessment-service/app/controllers/v4/QuestionSetController.scala
2025.10.29 18:06:49 INFO  no build target found for /Users/rakshithad/Documents/workspace/inquiry-api-service/assessment-api/assessment-service/app/controllers/v4/QuestionSetController.scala. Using presentation compiler with project's scala-library version: 3.3.6
2025.10.29 18:06:48 INFO  no build target found for /Users/rakshithad/Documents/workspace/inquiry-api-service/assessment-api/assessment-service/app/controllers/v4/QuestionSetController.scala. Using presentation compiler with project's scala-library version: 3.3.6
2025.10.29 18:10:24 WARN  no build target for: /Users/rakshithad/Documents/workspace/inquiry-api-service/test_scala_serializable.java
2025.10.29 18:10:24 INFO  no build target found for /Users/rakshithad/Documents/workspace/inquiry-api-service/test_scala_serializable.java. Using fallback presentation compiler.
2025.10.29 18:10:24 WARN  no build target for: /Users/rakshithad/Documents/workspace/inquiry-api-service/test_scala_serializable.java
2025.10.29 18:10:28 INFO  no build target found for /Users/rakshithad/Documents/workspace/inquiry-api-service/test_scala_serializable.java. Using fallback presentation compiler.
2025.10.29 18:12:40 INFO  no build target found for /Users/rakshithad/Documents/workspace/inquiry-api-service/test_scala_serializable.java. Using fallback presentation compiler.
2025.10.29 18:14:25 WARN  no build target for: /Users/rakshithad/Documents/workspace/inquiry-api-service/test_scala_serializable.java
2025.10.29 18:35:14 INFO  no build target found for /Users/rakshithad/Documents/workspace/inquiry-api-service/assessment-api/qs-hierarchy-manager/src/main/scala/org/sunbird/utils/NodeUtil.scala. Using presentation compiler with project's scala-library version: 3.3.6
2025.10.29 18:35:14 INFO  no build target found for /Users/rakshithad/Documents/workspace/inquiry-api-service/assessment-api/qs-hierarchy-manager/src/main/scala/org/sunbird/utils/NodeUtil.scala. Using presentation compiler with project's scala-library version: 3.3.6
2025.10.29 18:35:14 WARN  no build target for: /Users/rakshithad/Documents/workspace/inquiry-api-service/assessment-api/qs-hierarchy-manager/src/main/scala/org/sunbird/utils/NodeUtil.scala
2025.10.29 18:35:14 INFO  no build target found for /Users/rakshithad/Documents/workspace/inquiry-api-service/assessment-api/assessment-actors/src/main/scala/org/sunbird/utils/AssessmentErrorCodes.scala. Using presentation compiler with project's scala-library version: 3.3.6
2025.10.29 18:35:14 INFO  no build target found for /Users/rakshithad/Documents/workspace/inquiry-api-service/assessment-api/assessment-actors/src/main/scala/org/sunbird/utils/AssessmentErrorCodes.scala. Using presentation compiler with project's scala-library version: 3.3.6
2025.10.29 18:35:14 WARN  no build target for: /Users/rakshithad/Documents/workspace/inquiry-api-service/assessment-api/assessment-actors/src/main/scala/org/sunbird/utils/AssessmentErrorCodes.scala
2025.10.29 18:35:14 INFO  no build target found for /Users/rakshithad/Documents/workspace/inquiry-api-service/assessment-api/qs-hierarchy-manager/src/main/scala/org/sunbird/utils/HierarchyErrorCodes.scala. Using presentation compiler with project's scala-library version: 3.3.6
2025.10.29 18:35:14 INFO  no build target found for /Users/rakshithad/Documents/workspace/inquiry-api-service/assessment-api/qs-hierarchy-manager/src/main/scala/org/sunbird/utils/HierarchyErrorCodes.scala. Using presentation compiler with project's scala-library version: 3.3.6
2025.10.29 18:35:14 WARN  no build target for: /Users/rakshithad/Documents/workspace/inquiry-api-service/assessment-api/qs-hierarchy-manager/src/main/scala/org/sunbird/utils/HierarchyErrorCodes.scala
2025.10.29 18:35:14 INFO  no build target found for /Users/rakshithad/Documents/workspace/inquiry-api-service/assessment-api/assessment-actors/src/main/scala/org/sunbird/utils/RequestUtil.scala. Using presentation compiler with project's scala-library version: 3.3.6
2025.10.29 18:35:14 INFO  no build target found for /Users/rakshithad/Documents/workspace/inquiry-api-service/assessment-api/assessment-actors/src/main/scala/org/sunbird/utils/RequestUtil.scala. Using presentation compiler with project's scala-library version: 3.3.6
2025.10.29 18:35:14 WARN  no build target for: /Users/rakshithad/Documents/workspace/inquiry-api-service/assessment-api/assessment-actors/src/main/scala/org/sunbird/utils/RequestUtil.scala
2025.10.29 18:35:15 INFO  no build target found for /Users/rakshithad/Documents/workspace/inquiry-api-service/assessment-api/assessment-actors/src/main/scala/org/sunbird/utils/BranchingUtil.scala. Using presentation compiler with project's scala-library version: 3.3.6
2025.10.29 18:35:15 WARN  no build target for: /Users/rakshithad/Documents/workspace/inquiry-api-service/assessment-api/assessment-actors/src/main/scala/org/sunbird/utils/BranchingUtil.scala
2025.10.29 18:35:15 INFO  no build target found for /Users/rakshithad/Documents/workspace/inquiry-api-service/assessment-api/assessment-actors/src/main/scala/org/sunbird/utils/BranchingUtil.scala. Using presentation compiler with project's scala-library version: 3.3.6
2025.10.29 18:35:16 WARN  no build target for: /Users/rakshithad/Documents/workspace/inquiry-api-service/assessment-api/assessment-actors/src/main/scala/org/sunbird/utils/AssessmentContants.scala
2025.10.29 18:35:16 INFO  no build target found for /Users/rakshithad/Documents/workspace/inquiry-api-service/assessment-api/assessment-actors/src/main/scala/org/sunbird/utils/AssessmentContants.scala. Using presentation compiler with project's scala-library version: 3.3.6
2025.10.29 18:35:15 INFO  no build target found for /Users/rakshithad/Documents/workspace/inquiry-api-service/assessment-api/assessment-actors/src/main/scala/org/sunbird/utils/AssessmentContants.scala. Using presentation compiler with project's scala-library version: 3.3.6
2025.10.29 18:35:15 WARN  no build target for: /Users/rakshithad/Documents/workspace/inquiry-api-service/assessment-api/qs-hierarchy-manager/src/main/scala/org/sunbird/utils/JavaJsonUtils.scala
2025.10.29 18:35:15 INFO  no build target found for /Users/rakshithad/Documents/workspace/inquiry-api-service/assessment-api/qs-hierarchy-manager/src/main/scala/org/sunbird/utils/JavaJsonUtils.scala. Using presentation compiler with project's scala-library version: 3.3.6
2025.10.29 18:35:16 INFO  no build target found for /Users/rakshithad/Documents/workspace/inquiry-api-service/assessment-api/qs-hierarchy-manager/src/main/scala/org/sunbird/utils/JavaJsonUtils.scala. Using presentation compiler with project's scala-library version: 3.3.6
2025.10.29 18:35:16 INFO  no build target found for /Users/rakshithad/Documents/workspace/inquiry-api-service/assessment-api/qs-hierarchy-manager/src/main/scala/org/sunbird/utils/HierarchyConstants.scala. Using presentation compiler with project's scala-library version: 3.3.6
2025.10.29 18:35:16 WARN  no build target for: /Users/rakshithad/Documents/workspace/inquiry-api-service/assessment-api/qs-hierarchy-manager/src/main/scala/org/sunbird/utils/HierarchyConstants.scala
2025.10.29 18:35:16 INFO  no build target found for /Users/rakshithad/Documents/workspace/inquiry-api-service/assessment-api/qs-hierarchy-manager/src/main/scala/org/sunbird/utils/HierarchyConstants.scala. Using presentation compiler with project's scala-library version: 3.3.6
2025.10.29 18:35:16 WARN  no build target for: /Users/rakshithad/Documents/workspace/inquiry-api-service/assessment-api/assessment-actors/src/test/scala/org/sunbird/actors/TestItemSetActor.scala
2025.10.29 18:35:16 INFO  no build target found for /Users/rakshithad/Documents/workspace/inquiry-api-service/assessment-api/assessment-actors/src/test/scala/org/sunbird/actors/TestItemSetActor.scala. Using presentation compiler with project's scala-library version: 3.3.6
2025.10.29 18:35:16 INFO  no build target found for /Users/rakshithad/Documents/workspace/inquiry-api-service/assessment-api/assessment-actors/src/test/scala/org/sunbird/actors/TestItemSetActor.scala. Using presentation compiler with project's scala-library version: 3.3.6
2025.10.29 18:35:16 WARN  no build target for: /Users/rakshithad/Documents/workspace/inquiry-api-service/assessment-api/qs-hierarchy-manager/src/test/scala/org/sunbird/managers/UpdateHierarchyManagerTest.scala
2025.10.29 18:35:16 INFO  no build target found for /Users/rakshithad/Documents/workspace/inquiry-api-service/assessment-api/qs-hierarchy-manager/src/test/scala/org/sunbird/managers/UpdateHierarchyManagerTest.scala. Using presentation compiler with project's scala-library version: 3.3.6
2025.10.29 18:35:16 INFO  no build target found for /Users/rakshithad/Documents/workspace/inquiry-api-service/assessment-api/qs-hierarchy-manager/src/test/scala/org/sunbird/managers/UpdateHierarchyManagerTest.scala. Using presentation compiler with project's scala-library version: 3.3.6
2025.10.29 18:35:16 INFO  no build target found for /Users/rakshithad/Documents/workspace/inquiry-api-service/assessment-api/qs-hierarchy-manager/src/main/scala/org/sunbird/managers/UpdateHierarchyManager.scala. Using presentation compiler with project's scala-library version: 3.3.6
2025.10.29 18:35:16 INFO  no build target found for /Users/rakshithad/Documents/workspace/inquiry-api-service/assessment-api/qs-hierarchy-manager/src/main/scala/org/sunbird/managers/UpdateHierarchyManager.scala. Using presentation compiler with project's scala-library version: 3.3.6
2025.10.29 18:35:16 WARN  no build target for: /Users/rakshithad/Documents/workspace/inquiry-api-service/assessment-api/qs-hierarchy-manager/src/main/scala/org/sunbird/managers/UpdateHierarchyManager.scala
2025.10.29 19:36:33 INFO  no build target found for /Users/rakshithad/Documents/workspace/inquiry-api-service/assessment-api/assessment-service/app/handlers/SignalHandler.scala. Using presentation compiler with project's scala-library version: 3.3.6
2025.10.29 19:36:33 INFO  no build target found for /Users/rakshithad/Documents/workspace/inquiry-api-service/assessment-api/assessment-service/app/handlers/SignalHandler.scala. Using presentation compiler with project's scala-library version: 3.3.6
2025.10.29 19:36:33 WARN  no build target for: /Users/rakshithad/Documents/workspace/inquiry-api-service/assessment-api/assessment-service/app/handlers/SignalHandler.scala
2025.10.29 19:36:33 INFO  no build target found for /Users/rakshithad/Documents/workspace/inquiry-api-service/assessment-api/assessment-service/app/filters/AccessLogFilter.scala. Using presentation compiler with project's scala-library version: 3.3.6
2025.10.29 19:36:34 WARN  no build target for: /Users/rakshithad/Documents/workspace/inquiry-api-service/assessment-api/assessment-service/app/filters/AccessLogFilter.scala
2025.10.29 19:36:34 INFO  no build target found for /Users/rakshithad/Documents/workspace/inquiry-api-service/assessment-api/assessment-service/app/filters/AccessLogFilter.scala. Using presentation compiler with project's scala-library version: 3.3.6
2025.10.29 19:36:34 WARN  no build target for: /Users/rakshithad/Documents/workspace/inquiry-api-service/assessment-api/assessment-service/app/controllers/v5/QuestionSetController.scala
2025.10.29 19:36:34 INFO  no build target found for /Users/rakshithad/Documents/workspace/inquiry-api-service/assessment-api/assessment-service/app/controllers/v5/QuestionSetController.scala. Using presentation compiler with project's scala-library version: 3.3.6
2025.10.29 19:36:34 INFO  no build target found for /Users/rakshithad/Documents/workspace/inquiry-api-service/assessment-api/assessment-service/app/controllers/v5/QuestionSetController.scala. Using presentation compiler with project's scala-library version: 3.3.6
2025.10.29 19:36:34 WARN  no build target for: /Users/rakshithad/Documents/workspace/inquiry-api-service/assessment-api/assessment-service/app/controllers/v4/QuestionSetController.scala
2025.10.29 19:36:34 INFO  no build target found for /Users/rakshithad/Documents/workspace/inquiry-api-service/assessment-api/assessment-service/app/controllers/v4/QuestionSetController.scala. Using presentation compiler with project's scala-library version: 3.3.6
2025.10.29 19:36:34 INFO  no build target found for /Users/rakshithad/Documents/workspace/inquiry-api-service/assessment-api/assessment-service/app/controllers/v4/QuestionSetController.scala. Using presentation compiler with project's scala-library version: 3.3.6
2025.10.29 19:36:35 WARN  no build target for: /Users/rakshithad/Documents/workspace/inquiry-api-service/assessment-api/assessment-service/app/controllers/v4/QuestionController.scala
2025.10.29 19:36:35 INFO  no build target found for /Users/rakshithad/Documents/workspace/inquiry-api-service/assessment-api/assessment-service/app/controllers/v4/QuestionController.scala. Using presentation compiler with project's scala-library version: 3.3.6
2025.10.29 19:36:34 INFO  no build target found for /Users/rakshithad/Documents/workspace/inquiry-api-service/assessment-api/assessment-service/app/controllers/v4/QuestionController.scala. Using presentation compiler with project's scala-library version: 3.3.6
2025.10.29 19:36:35 WARN  no build target for: /Users/rakshithad/Documents/workspace/inquiry-api-service/assessment-api/assessment-service/app/controllers/HealthController.scala
2025.10.29 19:36:35 INFO  no build target found for /Users/rakshithad/Documents/workspace/inquiry-api-service/assessment-api/assessment-service/app/controllers/HealthController.scala. Using presentation compiler with project's scala-library version: 3.3.6
2025.10.29 19:36:34 INFO  no build target found for /Users/rakshithad/Documents/workspace/inquiry-api-service/assessment-api/assessment-service/app/controllers/HealthController.scala. Using presentation compiler with project's scala-library version: 3.3.6
2025.10.29 20:01:40 WARN  no build target for: /Users/rakshithad/Documents/workspace/inquiry-api-service/test_scala_serializable.java
2025.10.29 20:01:41 INFO  no build target found for /Users/rakshithad/Documents/workspace/inquiry-api-service/test_scala_serializable.java. Using fallback presentation compiler.
2025.10.29 20:01:43 INFO  no build target found for /Users/rakshithad/Documents/workspace/inquiry-api-service/test_scala_serializable.java. Using fallback presentation compiler.
2025.10.29 20:01:43 WARN  no build target for: /Users/rakshithad/Documents/workspace/inquiry-api-service/test_scala_serializable.java
2025.10.29 20:01:43 INFO  no build target found for /Users/rakshithad/Documents/workspace/inquiry-api-service/test_scala_serializable.java. Using fallback presentation compiler.
2025.10.29 20:01:43 INFO  Created report: Optional[file:///Users/rakshithad/Documents/workspace/inquiry-api-service/test_scala_serializable.java]
2025.10.29 20:01:43 INFO  QDox parse error in file:///Users/rakshithad/Documents/workspace/inquiry-api-service/test_scala_serializable.java (full report at: "/Users/rakshithad/Documents/workspace/inquiry-api-service/.metals/.reports/metals-full/2025-10-29/r_qdox-error_20-01-43-540.md")
2025.10.29 20:01:43 WARN  Running javac-semanticdb failed for file:///Users/rakshithad/Documents/workspace/inquiry-api-service/test_scala_serializable.java. Output:

2025.10.29 20:05:41 INFO  no build target found for /Users/rakshithad/Documents/workspace/inquiry-api-service/assessment-api/assessment-actors/src/main/scala/org/sunbird/v5/managers/AssessmentV5Manager.scala. Using presentation compiler with project's scala-library version: 3.3.6
2025.10.29 20:05:41 WARN  no build target for: /Users/rakshithad/Documents/workspace/inquiry-api-service/assessment-api/assessment-actors/src/main/scala/org/sunbird/v5/managers/AssessmentV5Manager.scala
2025.10.29 20:05:41 INFO  no build target found for /Users/rakshithad/Documents/workspace/inquiry-api-service/assessment-api/assessment-actors/src/main/scala/org/sunbird/v5/managers/AssessmentV5Manager.scala. Using presentation compiler with project's scala-library version: 3.3.6
2025.10.29 20:05:43 INFO  time: code lens generation in 1.27s
2025.10.29 20:05:46 INFO  no build target found for /Users/rakshithad/Documents/workspace/inquiry-api-service/assessment-api/assessment-actors/src/main/scala/org/sunbird/v5/managers/AssessmentV5Manager.scala. Using presentation compiler with project's scala-library version: 3.3.6
2025.10.29 20:05:47 INFO  no build target found for /Users/rakshithad/Documents/workspace/inquiry-api-service/assessment-api/assessment-actors/src/main/scala/org/sunbird/managers/AssessmentManager.scala. Using presentation compiler with project's scala-library version: 3.3.6
2025.10.29 20:05:47 WARN  no build target for: /Users/rakshithad/Documents/workspace/inquiry-api-service/assessment-api/assessment-actors/src/main/scala/org/sunbird/managers/AssessmentManager.scala
2025.10.29 20:05:47 INFO  no build target found for /Users/rakshithad/Documents/workspace/inquiry-api-service/assessment-api/assessment-actors/src/main/scala/org/sunbird/managers/AssessmentManager.scala. Using presentation compiler with project's scala-library version: 3.3.6
2025.10.29 20:05:48 INFO  no build target found for /Users/rakshithad/Documents/workspace/inquiry-api-service/assessment-api/assessment-actors/src/main/scala/org/sunbird/managers/AssessmentManager.scala. Using presentation compiler with project's scala-library version: 3.3.6
2025.10.29 20:05:49 INFO  no build target found for /Users/rakshithad/Documents/workspace/inquiry-api-service/assessment-api/assessment-actors/src/main/scala/org/sunbird/managers/AssessmentManager.scala. Using presentation compiler with project's scala-library version: 3.3.6
2025.10.29 20:05:53 INFO  no build target found for /Users/rakshithad/Documents/workspace/inquiry-api-service/assessment-api/assessment-actors/src/main/scala/org/sunbird/managers/AssessmentManager.scala. Using presentation compiler with project's scala-library version: 3.3.6
2025.10.29 20:05:55 INFO  no build target found for /Users/rakshithad/Documents/workspace/inquiry-api-service/assessment-api/assessment-actors/src/main/scala/org/sunbird/managers/AssessmentManager.scala. Using presentation compiler with project's scala-library version: 3.3.6
2025.10.29 20:36:48 INFO  skipping build import with status 'Dismissed'
2025.10.29 20:49:59 INFO  no build target found for /Users/rakshithad/Documents/workspace/inquiry-api-service/assessment-api/assessment-service/app/controllers/v4/QuestionController.scala. Using presentation compiler with project's scala-library version: 3.3.6
2025.10.29 20:49:59 WARN  no build target for: /Users/rakshithad/Documents/workspace/inquiry-api-service/assessment-api/assessment-service/app/controllers/v4/QuestionController.scala
2025.10.29 20:49:59 INFO  no build target found for /Users/rakshithad/Documents/workspace/inquiry-api-service/assessment-api/assessment-service/app/controllers/v4/QuestionController.scala. Using presentation compiler with project's scala-library version: 3.3.6
2025.10.29 20:49:59 INFO  no build target found for /Users/rakshithad/Documents/workspace/inquiry-api-service/assessment-api/assessment-service/app/controllers/v4/QuestionController.scala. Using presentation compiler with project's scala-library version: 3.3.6
2025.10.29 20:50:00 INFO  no build target found for /Users/rakshithad/Documents/workspace/inquiry-api-service/assessment-api/assessment-service/app/controllers/v4/QuestionController.scala. Using presentation compiler with project's scala-library version: 3.3.6
2025.10.29 20:50:02 INFO  no build target found for /Users/rakshithad/Documents/workspace/inquiry-api-service/assessment-api/assessment-service/app/controllers/v4/QuestionController.scala. Using presentation compiler with project's scala-library version: 3.3.6
2025.10.29 20:50:08 INFO  no build target found for /Users/rakshithad/Documents/workspace/inquiry-api-service/assessment-api/assessment-service/app/controllers/v4/QuestionController.scala. Using presentation compiler with project's scala-library version: 3.3.6
2025.10.29 20:51:43 WARN  no build target for: /Users/rakshithad/Documents/workspace/inquiry-api-service/assessment-api/assessment-service/app/controllers/v4/QuestionController.scala
2025.10.29 20:51:43 INFO  no build target found for /Users/rakshithad/Documents/workspace/inquiry-api-service/assessment-api/assessment-service/app/controllers/v4/QuestionController.scala. Using presentation compiler with project's scala-library version: 3.3.6
2025.10.29 20:51:44 INFO  no build target found for /Users/rakshithad/Documents/workspace/inquiry-api-service/assessment-api/assessment-service/app/controllers/v4/QuestionController.scala. Using presentation compiler with project's scala-library version: 3.3.6
2025.10.29 20:51:44 INFO  no build target found for /Users/rakshithad/Documents/workspace/inquiry-api-service/assessment-api/assessment-service/app/controllers/v4/QuestionController.scala. Using presentation compiler with project's scala-library version: 3.3.6
2025.10.29 20:51:52 INFO  no build target found for /Users/rakshithad/Documents/workspace/inquiry-api-service/assessment-api/assessment-actors/src/main/scala/org/sunbird/managers/CopyManager.scala. Using presentation compiler with project's scala-library version: 3.3.6
2025.10.29 20:51:52 INFO  no build target found for /Users/rakshithad/Documents/workspace/inquiry-api-service/assessment-api/assessment-actors/src/main/scala/org/sunbird/managers/CopyManager.scala. Using presentation compiler with project's scala-library version: 3.3.6
2025.10.29 20:51:52 WARN  no build target for: /Users/rakshithad/Documents/workspace/inquiry-api-service/assessment-api/assessment-actors/src/main/scala/org/sunbird/managers/CopyManager.scala
2025.10.29 20:51:52 INFO  no build target found for /Users/rakshithad/Documents/workspace/inquiry-api-service/assessment-api/qs-hierarchy-manager/src/test/scala/org/sunbird/managers/BaseSpec.scala. Using presentation compiler with project's scala-library version: 3.3.6
2025.10.29 20:51:52 INFO  no build target found for /Users/rakshithad/Documents/workspace/inquiry-api-service/assessment-api/qs-hierarchy-manager/src/test/scala/org/sunbird/managers/BaseSpec.scala. Using presentation compiler with project's scala-library version: 3.3.6
2025.10.29 20:51:52 WARN  no build target for: /Users/rakshithad/Documents/workspace/inquiry-api-service/assessment-api/qs-hierarchy-manager/src/test/scala/org/sunbird/managers/BaseSpec.scala
2025.10.29 20:51:52 WARN  no build target for: /Users/rakshithad/Documents/workspace/inquiry-api-service/assessment-api/qs-hierarchy-manager/src/main/scala/org/sunbird/managers/HierarchyManager.scala
2025.10.29 20:51:52 INFO  no build target found for /Users/rakshithad/Documents/workspace/inquiry-api-service/assessment-api/qs-hierarchy-manager/src/main/scala/org/sunbird/managers/HierarchyManager.scala. Using presentation compiler with project's scala-library version: 3.3.6
2025.10.29 20:51:52 INFO  no build target found for /Users/rakshithad/Documents/workspace/inquiry-api-service/assessment-api/qs-hierarchy-manager/src/main/scala/org/sunbird/managers/HierarchyManager.scala. Using presentation compiler with project's scala-library version: 3.3.6
2025.10.29 20:51:52 INFO  no build target found for /Users/rakshithad/Documents/workspace/inquiry-api-service/assessment-api/qs-hierarchy-manager/src/test/scala/org/sunbird/managers/HierarchyManagerTest.scala. Using presentation compiler with project's scala-library version: 3.3.6
2025.10.29 20:51:53 INFO  no build target found for /Users/rakshithad/Documents/workspace/inquiry-api-service/assessment-api/qs-hierarchy-manager/src/test/scala/org/sunbird/managers/HierarchyManagerTest.scala. Using presentation compiler with project's scala-library version: 3.3.6
2025.10.29 20:51:53 WARN  no build target for: /Users/rakshithad/Documents/workspace/inquiry-api-service/assessment-api/qs-hierarchy-manager/src/test/scala/org/sunbird/managers/HierarchyManagerTest.scala
2025.10.29 21:15:34 WARN  no build target for: /Users/rakshithad/Documents/workspace/inquiry-api-service/assessment-api/assessment-actors/src/main/scala/org/sunbird/v5/actors/QuestionSetActor.scala
2025.10.29 21:15:34 INFO  no build target found for /Users/rakshithad/Documents/workspace/inquiry-api-service/assessment-api/assessment-actors/src/main/scala/org/sunbird/v5/actors/QuestionSetActor.scala. Using presentation compiler with project's scala-library version: 3.3.6
2025.10.29 21:15:34 INFO  no build target found for /Users/rakshithad/Documents/workspace/inquiry-api-service/assessment-api/assessment-actors/src/main/scala/org/sunbird/v5/actors/QuestionSetActor.scala. Using presentation compiler with project's scala-library version: 3.3.6
2025.10.29 21:15:35 INFO  no build target found for /Users/rakshithad/Documents/workspace/inquiry-api-service/assessment-api/assessment-actors/src/main/scala/org/sunbird/v5/actors/QuestionSetActor.scala. Using presentation compiler with project's scala-library version: 3.3.6
2025.10.29 22:08:35 INFO  no build target found for /Users/rakshithad/Documents/workspace/inquiry-api-service/assessment-api/assessment-service/app/utils/ActorNames.scala. Using presentation compiler with project's scala-library version: 3.3.6
2025.10.29 22:08:35 INFO  no build target found for /Users/rakshithad/Documents/workspace/inquiry-api-service/assessment-api/assessment-service/app/utils/ActorNames.scala. Using presentation compiler with project's scala-library version: 3.3.6
2025.10.29 22:08:35 WARN  no build target for: /Users/rakshithad/Documents/workspace/inquiry-api-service/assessment-api/assessment-service/app/utils/ActorNames.scala
2025.10.29 22:08:36 INFO  no build target found for /Users/rakshithad/Documents/workspace/inquiry-api-service/assessment-api/assessment-service/app/utils/ItemSetOperations.scala. Using presentation compiler with project's scala-library version: 3.3.6
2025.10.29 22:08:35 INFO  no build target found for /Users/rakshithad/Documents/workspace/inquiry-api-service/assessment-api/assessment-service/app/utils/ItemSetOperations.scala. Using presentation compiler with project's scala-library version: 3.3.6
2025.10.29 22:08:36 WARN  no build target for: /Users/rakshithad/Documents/workspace/inquiry-api-service/assessment-api/assessment-service/app/utils/ItemSetOperations.scala
2025.10.29 22:08:36 WARN  no build target for: /Users/rakshithad/Documents/workspace/inquiry-api-service/assessment-api/assessment-service/app/utils/ApiId.scala
2025.10.29 22:08:36 INFO  no build target found for /Users/rakshithad/Documents/workspace/inquiry-api-service/assessment-api/assessment-service/app/utils/ApiId.scala. Using presentation compiler with project's scala-library version: 3.3.6
2025.10.29 22:08:36 INFO  no build target found for /Users/rakshithad/Documents/workspace/inquiry-api-service/assessment-api/assessment-service/app/utils/ApiId.scala. Using presentation compiler with project's scala-library version: 3.3.6
2025.10.29 22:08:36 INFO  no build target found for /Users/rakshithad/Documents/workspace/inquiry-api-service/assessment-api/assessment-service/app/utils/JavaJsonUtils.scala. Using presentation compiler with project's scala-library version: 3.3.6
2025.10.29 22:08:37 WARN  no build target for: /Users/rakshithad/Documents/workspace/inquiry-api-service/assessment-api/assessment-service/app/utils/JavaJsonUtils.scala
2025.10.29 22:08:36 INFO  no build target found for /Users/rakshithad/Documents/workspace/inquiry-api-service/assessment-api/assessment-service/app/utils/JavaJsonUtils.scala. Using presentation compiler with project's scala-library version: 3.3.6
2025.10.29 22:08:36 INFO  no build target found for /Users/rakshithad/Documents/workspace/inquiry-api-service/assessment-api/assessment-service/app/filters/AccessLogFilter.scala. Using presentation compiler with project's scala-library version: 3.3.6
2025.10.29 22:08:37 WARN  no build target for: /Users/rakshithad/Documents/workspace/inquiry-api-service/assessment-api/assessment-service/app/filters/AccessLogFilter.scala
2025.10.29 22:08:36 INFO  no build target found for /Users/rakshithad/Documents/workspace/inquiry-api-service/assessment-api/assessment-service/app/filters/AccessLogFilter.scala. Using presentation compiler with project's scala-library version: 3.3.6
2025.10.29 22:08:36 INFO  no build target found for /Users/rakshithad/Documents/workspace/inquiry-api-service/assessment-api/assessment-service/app/handlers/SignalHandler.scala. Using presentation compiler with project's scala-library version: 3.3.6
2025.10.29 22:08:37 WARN  no build target for: /Users/rakshithad/Documents/workspace/inquiry-api-service/assessment-api/assessment-service/app/handlers/SignalHandler.scala
2025.10.29 22:08:36 INFO  no build target found for /Users/rakshithad/Documents/workspace/inquiry-api-service/assessment-api/assessment-service/app/handlers/SignalHandler.scala. Using presentation compiler with project's scala-library version: 3.3.6
2025.10.29 22:08:40 INFO  no build target found for /Users/rakshithad/Documents/workspace/inquiry-api-service/assessment-api/assessment-service/app/utils/ActorNames.scala. Using presentation compiler with project's scala-library version: 3.3.6
2025.10.29 22:08:40 INFO  no build target found for /Users/rakshithad/Documents/workspace/inquiry-api-service/assessment-api/assessment-service/app/utils/ActorNames.scala. Using presentation compiler with project's scala-library version: 3.3.6
2025.10.29 22:08:40 WARN  no build target for: /Users/rakshithad/Documents/workspace/inquiry-api-service/assessment-api/assessment-service/app/utils/ActorNames.scala
2025.10.29 22:08:40 INFO  no build target found for /Users/rakshithad/Documents/workspace/inquiry-api-service/assessment-api/assessment-service/app/utils/ItemSetOperations.scala. Using presentation compiler with project's scala-library version: 3.3.6
2025.10.29 22:08:40 INFO  no build target found for /Users/rakshithad/Documents/workspace/inquiry-api-service/assessment-api/assessment-service/app/utils/ItemSetOperations.scala. Using presentation compiler with project's scala-library version: 3.3.6
2025.10.29 22:08:40 WARN  no build target for: /Users/rakshithad/Documents/workspace/inquiry-api-service/assessment-api/assessment-service/app/utils/ItemSetOperations.scala
2025.10.29 22:08:40 INFO  no build target found for /Users/rakshithad/Documents/workspace/inquiry-api-service/assessment-api/assessment-service/app/utils/ApiId.scala. Using presentation compiler with project's scala-library version: 3.3.6
2025.10.29 22:08:40 WARN  no build target for: /Users/rakshithad/Documents/workspace/inquiry-api-service/assessment-api/assessment-service/app/utils/ApiId.scala
2025.10.29 22:08:40 INFO  no build target found for /Users/rakshithad/Documents/workspace/inquiry-api-service/assessment-api/assessment-service/app/utils/ApiId.scala. Using presentation compiler with project's scala-library version: 3.3.6
2025.10.29 22:08:40 INFO  no build target found for /Users/rakshithad/Documents/workspace/inquiry-api-service/assessment-api/assessment-service/app/utils/JavaJsonUtils.scala. Using presentation compiler with project's scala-library version: 3.3.6
2025.10.29 22:08:41 WARN  no build target for: /Users/rakshithad/Documents/workspace/inquiry-api-service/assessment-api/assessment-service/app/utils/JavaJsonUtils.scala
2025.10.29 22:08:40 INFO  no build target found for /Users/rakshithad/Documents/workspace/inquiry-api-service/assessment-api/assessment-service/app/utils/JavaJsonUtils.scala. Using presentation compiler with project's scala-library version: 3.3.6
2025.10.29 22:08:40 INFO  no build target found for /Users/rakshithad/Documents/workspace/inquiry-api-service/assessment-api/assessment-service/app/handlers/SignalHandler.scala. Using presentation compiler with project's scala-library version: 3.3.6
2025.10.29 22:08:41 WARN  no build target for: /Users/rakshithad/Documents/workspace/inquiry-api-service/assessment-api/assessment-service/app/handlers/SignalHandler.scala
2025.10.29 22:08:40 INFO  no build target found for /Users/rakshithad/Documents/workspace/inquiry-api-service/assessment-api/assessment-service/app/handlers/SignalHandler.scala. Using presentation compiler with project's scala-library version: 3.3.6
2025.10.29 22:08:41 WARN  no build target for: /Users/rakshithad/Documents/workspace/inquiry-api-service/assessment-api/assessment-service/app/filters/AccessLogFilter.scala
2025.10.29 22:08:41 INFO  no build target found for /Users/rakshithad/Documents/workspace/inquiry-api-service/assessment-api/assessment-service/app/filters/AccessLogFilter.scala. Using presentation compiler with project's scala-library version: 3.3.6
2025.10.29 22:08:41 INFO  no build target found for /Users/rakshithad/Documents/workspace/inquiry-api-service/assessment-api/assessment-service/app/filters/AccessLogFilter.scala. Using presentation compiler with project's scala-library version: 3.3.6
2025.10.29 22:14:19 INFO  no build target found for /Users/rakshithad/Documents/workspace/inquiry-api-service/assessment-api/assessment-service/app/utils/ActorNames.scala. Using presentation compiler with project's scala-library version: 3.3.6
2025.10.29 22:14:19 WARN  no build target for: /Users/rakshithad/Documents/workspace/inquiry-api-service/assessment-api/assessment-service/app/utils/ActorNames.scala
2025.10.29 22:14:19 INFO  no build target found for /Users/rakshithad/Documents/workspace/inquiry-api-service/assessment-api/assessment-service/app/utils/ActorNames.scala. Using presentation compiler with project's scala-library version: 3.3.6
2025.10.29 22:14:19 WARN  no build target for: /Users/rakshithad/Documents/workspace/inquiry-api-service/assessment-api/assessment-service/app/utils/ItemSetOperations.scala
2025.10.29 22:14:19 INFO  no build target found for /Users/rakshithad/Documents/workspace/inquiry-api-service/assessment-api/assessment-service/app/utils/ItemSetOperations.scala. Using presentation compiler with project's scala-library version: 3.3.6
2025.10.29 22:14:19 INFO  no build target found for /Users/rakshithad/Documents/workspace/inquiry-api-service/assessment-api/assessment-service/app/utils/ItemSetOperations.scala. Using presentation compiler with project's scala-library version: 3.3.6
2025.10.29 22:14:19 INFO  no build target found for /Users/rakshithad/Documents/workspace/inquiry-api-service/assessment-api/assessment-service/app/utils/ApiId.scala. Using presentation compiler with project's scala-library version: 3.3.6
2025.10.29 22:14:19 WARN  no build target for: /Users/rakshithad/Documents/workspace/inquiry-api-service/assessment-api/assessment-service/app/utils/ApiId.scala
2025.10.29 22:14:19 INFO  no build target found for /Users/rakshithad/Documents/workspace/inquiry-api-service/assessment-api/assessment-service/app/utils/ApiId.scala. Using presentation compiler with project's scala-library version: 3.3.6
2025.10.29 22:14:19 WARN  no build target for: /Users/rakshithad/Documents/workspace/inquiry-api-service/assessment-api/assessment-service/app/utils/JavaJsonUtils.scala
2025.10.29 22:14:19 INFO  no build target found for /Users/rakshithad/Documents/workspace/inquiry-api-service/assessment-api/assessment-service/app/utils/JavaJsonUtils.scala. Using presentation compiler with project's scala-library version: 3.3.6
2025.10.29 22:14:19 INFO  no build target found for /Users/rakshithad/Documents/workspace/inquiry-api-service/assessment-api/assessment-service/app/utils/JavaJsonUtils.scala. Using presentation compiler with project's scala-library version: 3.3.6
2025.10.29 22:14:19 INFO  no build target found for /Users/rakshithad/Documents/workspace/inquiry-api-service/assessment-api/assessment-service/app/handlers/SignalHandler.scala. Using presentation compiler with project's scala-library version: 3.3.6
2025.10.29 22:14:19 INFO  no build target found for /Users/rakshithad/Documents/workspace/inquiry-api-service/assessment-api/assessment-service/app/handlers/SignalHandler.scala. Using presentation compiler with project's scala-library version: 3.3.6
2025.10.29 22:14:19 WARN  no build target for: /Users/rakshithad/Documents/workspace/inquiry-api-service/assessment-api/assessment-service/app/handlers/SignalHandler.scala
2025.10.29 22:14:20 INFO  no build target found for /Users/rakshithad/Documents/workspace/inquiry-api-service/assessment-api/assessment-service/app/filters/AccessLogFilter.scala. Using presentation compiler with project's scala-library version: 3.3.6
2025.10.29 22:14:20 WARN  no build target for: /Users/rakshithad/Documents/workspace/inquiry-api-service/assessment-api/assessment-service/app/filters/AccessLogFilter.scala
2025.10.29 22:14:19 INFO  no build target found for /Users/rakshithad/Documents/workspace/inquiry-api-service/assessment-api/assessment-service/app/filters/AccessLogFilter.scala. Using presentation compiler with project's scala-library version: 3.3.6
2025.10.29 22:14:19 INFO  no build target found for /Users/rakshithad/Documents/workspace/inquiry-api-service/assessment-api/assessment-service/app/modules/AssessmentModule.scala. Using presentation compiler with project's scala-library version: 3.3.6
2025.10.29 22:14:19 INFO  no build target found for /Users/rakshithad/Documents/workspace/inquiry-api-service/assessment-api/assessment-service/app/modules/AssessmentModule.scala. Using presentation compiler with project's scala-library version: 3.3.6
2025.10.29 22:14:20 WARN  no build target for: /Users/rakshithad/Documents/workspace/inquiry-api-service/assessment-api/assessment-service/app/modules/AssessmentModule.scala
2025.10.29 22:14:47 INFO  no build target found for /Users/rakshithad/Documents/workspace/inquiry-api-service/assessment-api/assessment-service/app/utils/ActorNames.scala. Using presentation compiler with project's scala-library version: 3.3.6
2025.10.29 22:14:47 WARN  no build target for: /Users/rakshithad/Documents/workspace/inquiry-api-service/assessment-api/assessment-service/app/utils/ActorNames.scala
2025.10.29 22:14:47 INFO  no build target found for /Users/rakshithad/Documents/workspace/inquiry-api-service/assessment-api/assessment-service/app/utils/ActorNames.scala. Using presentation compiler with project's scala-library version: 3.3.6
2025.10.29 22:14:47 INFO  no build target found for /Users/rakshithad/Documents/workspace/inquiry-api-service/assessment-api/assessment-service/app/utils/ItemSetOperations.scala. Using presentation compiler with project's scala-library version: 3.3.6
2025.10.29 22:14:47 INFO  no build target found for /Users/rakshithad/Documents/workspace/inquiry-api-service/assessment-api/assessment-service/app/utils/ItemSetOperations.scala. Using presentation compiler with project's scala-library version: 3.3.6
2025.10.29 22:14:47 WARN  no build target for: /Users/rakshithad/Documents/workspace/inquiry-api-service/assessment-api/assessment-service/app/utils/ItemSetOperations.scala
2025.10.29 22:14:47 INFO  no build target found for /Users/rakshithad/Documents/workspace/inquiry-api-service/assessment-api/assessment-service/app/utils/QuestionOperations.scala. Using presentation compiler with project's scala-library version: 3.3.6
2025.10.29 22:14:47 INFO  no build target found for /Users/rakshithad/Documents/workspace/inquiry-api-service/assessment-api/assessment-service/app/utils/QuestionOperations.scala. Using presentation compiler with project's scala-library version: 3.3.6
2025.10.29 22:14:47 WARN  no build target for: /Users/rakshithad/Documents/workspace/inquiry-api-service/assessment-api/assessment-service/app/utils/QuestionOperations.scala
2025.10.29 22:14:47 INFO  no build target found for /Users/rakshithad/Documents/workspace/inquiry-api-service/assessment-api/assessment-service/app/utils/ApiId.scala. Using presentation compiler with project's scala-library version: 3.3.6
2025.10.29 22:14:47 INFO  no build target found for /Users/rakshithad/Documents/workspace/inquiry-api-service/assessment-api/assessment-service/app/utils/ApiId.scala. Using presentation compiler with project's scala-library version: 3.3.6
2025.10.29 22:14:47 WARN  no build target for: /Users/rakshithad/Documents/workspace/inquiry-api-service/assessment-api/assessment-service/app/utils/ApiId.scala
2025.10.29 22:14:47 INFO  no build target found for /Users/rakshithad/Documents/workspace/inquiry-api-service/assessment-api/assessment-service/app/filters/AccessLogFilter.scala. Using presentation compiler with project's scala-library version: 3.3.6
2025.10.29 22:14:47 WARN  no build target for: /Users/rakshithad/Documents/workspace/inquiry-api-service/assessment-api/assessment-service/app/filters/AccessLogFilter.scala
2025.10.29 22:14:47 INFO  no build target found for /Users/rakshithad/Documents/workspace/inquiry-api-service/assessment-api/assessment-service/app/filters/AccessLogFilter.scala. Using presentation compiler with project's scala-library version: 3.3.6
2025.10.29 22:14:47 WARN  no build target for: /Users/rakshithad/Documents/workspace/inquiry-api-service/assessment-api/assessment-service/app/utils/JavaJsonUtils.scala
2025.10.29 22:14:47 INFO  no build target found for /Users/rakshithad/Documents/workspace/inquiry-api-service/assessment-api/assessment-service/app/utils/JavaJsonUtils.scala. Using presentation compiler with project's scala-library version: 3.3.6
2025.10.29 22:14:48 INFO  no build target found for /Users/rakshithad/Documents/workspace/inquiry-api-service/assessment-api/assessment-service/app/utils/JavaJsonUtils.scala. Using presentation compiler with project's scala-library version: 3.3.6
2025.10.29 22:14:48 INFO  no build target found for /Users/rakshithad/Documents/workspace/inquiry-api-service/assessment-api/assessment-service/app/handlers/SignalHandler.scala. Using presentation compiler with project's scala-library version: 3.3.6
2025.10.29 22:14:47 WARN  no build target for: /Users/rakshithad/Documents/workspace/inquiry-api-service/assessment-api/assessment-service/app/handlers/SignalHandler.scala
2025.10.29 22:14:48 INFO  no build target found for /Users/rakshithad/Documents/workspace/inquiry-api-service/assessment-api/assessment-service/app/handlers/SignalHandler.scala. Using presentation compiler with project's scala-library version: 3.3.6
2025.10.29 22:14:48 INFO  no build target found for /Users/rakshithad/Documents/workspace/inquiry-api-service/assessment-api/assessment-service/app/modules/AssessmentModule.scala. Using presentation compiler with project's scala-library version: 3.3.6
2025.10.29 22:14:48 WARN  no build target for: /Users/rakshithad/Documents/workspace/inquiry-api-service/assessment-api/assessment-service/app/modules/AssessmentModule.scala
2025.10.29 22:14:48 INFO  no build target found for /Users/rakshithad/Documents/workspace/inquiry-api-service/assessment-api/assessment-service/app/modules/AssessmentModule.scala. Using presentation compiler with project's scala-library version: 3.3.6
2025.10.29 22:14:48 WARN  no build target for: /Users/rakshithad/Documents/workspace/inquiry-api-service/assessment-api/assessment-service/app/controllers/BaseController.scala
2025.10.29 22:14:48 INFO  no build target found for /Users/rakshithad/Documents/workspace/inquiry-api-service/assessment-api/assessment-service/app/controllers/BaseController.scala. Using presentation compiler with project's scala-library version: 3.3.6
2025.10.29 22:14:47 INFO  no build target found for /Users/rakshithad/Documents/workspace/inquiry-api-service/assessment-api/assessment-service/app/controllers/BaseController.scala. Using presentation compiler with project's scala-library version: 3.3.6
2025.10.29 22:30:30 WARN  no build target for: /Users/rakshithad/Documents/workspace/inquiry-api-service/assessment-api/assessment-actors/src/main/scala/org/sunbird/managers/CopyManager.scala
2025.10.29 22:30:30 INFO  no build target found for /Users/rakshithad/Documents/workspace/inquiry-api-service/assessment-api/assessment-actors/src/main/scala/org/sunbird/managers/CopyManager.scala. Using presentation compiler with project's scala-library version: 3.3.6
2025.10.29 22:30:30 INFO  no build target found for /Users/rakshithad/Documents/workspace/inquiry-api-service/assessment-api/assessment-actors/src/main/scala/org/sunbird/managers/CopyManager.scala. Using presentation compiler with project's scala-library version: 3.3.6
2025.10.29 22:30:32 WARN  no build target for: /Users/rakshithad/Documents/workspace/inquiry-api-service/assessment-api/qs-hierarchy-manager/src/test/scala/org/sunbird/managers/BaseSpec.scala
2025.10.29 22:30:32 INFO  no build target found for /Users/rakshithad/Documents/workspace/inquiry-api-service/assessment-api/qs-hierarchy-manager/src/test/scala/org/sunbird/managers/BaseSpec.scala. Using presentation compiler with project's scala-library version: 3.3.6
2025.10.29 22:30:32 INFO  no build target found for /Users/rakshithad/Documents/workspace/inquiry-api-service/assessment-api/qs-hierarchy-manager/src/test/scala/org/sunbird/managers/BaseSpec.scala. Using presentation compiler with project's scala-library version: 3.3.6
2025.10.29 22:30:32 WARN  no build target for: /Users/rakshithad/Documents/workspace/inquiry-api-service/assessment-api/qs-hierarchy-manager/src/main/scala/org/sunbird/managers/HierarchyManager.scala
2025.10.29 22:30:32 INFO  no build target found for /Users/rakshithad/Documents/workspace/inquiry-api-service/assessment-api/qs-hierarchy-manager/src/main/scala/org/sunbird/managers/HierarchyManager.scala. Using presentation compiler with project's scala-library version: 3.3.6
2025.10.29 22:30:32 INFO  no build target found for /Users/rakshithad/Documents/workspace/inquiry-api-service/assessment-api/qs-hierarchy-manager/src/main/scala/org/sunbird/managers/HierarchyManager.scala. Using presentation compiler with project's scala-library version: 3.3.6
2025.10.29 22:30:33 WARN  no build target for: /Users/rakshithad/Documents/workspace/inquiry-api-service/assessment-api/qs-hierarchy-manager/src/test/scala/org/sunbird/managers/HierarchyManagerTest.scala
2025.10.29 22:30:33 INFO  no build target found for /Users/rakshithad/Documents/workspace/inquiry-api-service/assessment-api/qs-hierarchy-manager/src/test/scala/org/sunbird/managers/HierarchyManagerTest.scala. Using presentation compiler with project's scala-library version: 3.3.6
2025.10.29 22:30:33 INFO  no build target found for /Users/rakshithad/Documents/workspace/inquiry-api-service/assessment-api/qs-hierarchy-manager/src/test/scala/org/sunbird/managers/HierarchyManagerTest.scala. Using presentation compiler with project's scala-library version: 3.3.6
2025.10.29 22:42:17 INFO  no build target found for /Users/rakshithad/Documents/workspace/inquiry-api-service/assessment-api/qs-hierarchy-manager/src/main/scala/org/sunbird/utils/NodeUtil.scala. Using presentation compiler with project's scala-library version: 3.3.6
2025.10.29 22:42:17 INFO  no build target found for /Users/rakshithad/Documents/workspace/inquiry-api-service/assessment-api/qs-hierarchy-manager/src/main/scala/org/sunbird/utils/NodeUtil.scala. Using presentation compiler with project's scala-library version: 3.3.6
2025.10.29 22:42:17 WARN  no build target for: /Users/rakshithad/Documents/workspace/inquiry-api-service/assessment-api/qs-hierarchy-manager/src/main/scala/org/sunbird/utils/NodeUtil.scala
2025.10.29 22:42:17 INFO  no build target found for /Users/rakshithad/Documents/workspace/inquiry-api-service/assessment-api/assessment-actors/src/main/scala/org/sunbird/utils/RequestUtil.scala. Using presentation compiler with project's scala-library version: 3.3.6
2025.10.29 22:42:17 INFO  no build target found for /Users/rakshithad/Documents/workspace/inquiry-api-service/assessment-api/assessment-actors/src/main/scala/org/sunbird/utils/RequestUtil.scala. Using presentation compiler with project's scala-library version: 3.3.6
2025.10.29 22:42:17 WARN  no build target for: /Users/rakshithad/Documents/workspace/inquiry-api-service/assessment-api/assessment-actors/src/main/scala/org/sunbird/utils/RequestUtil.scala
2025.10.29 22:42:18 WARN  no build target for: /Users/rakshithad/Documents/workspace/inquiry-api-service/assessment-api/assessment-actors/src/main/scala/org/sunbird/utils/BranchingUtil.scala
2025.10.29 22:42:17 INFO  no build target found for /Users/rakshithad/Documents/workspace/inquiry-api-service/assessment-api/assessment-actors/src/main/scala/org/sunbird/utils/BranchingUtil.scala. Using presentation compiler with project's scala-library version: 3.3.6
2025.10.29 22:42:18 INFO  no build target found for /Users/rakshithad/Documents/workspace/inquiry-api-service/assessment-api/assessment-actors/src/main/scala/org/sunbird/utils/BranchingUtil.scala. Using presentation compiler with project's scala-library version: 3.3.6
2025.10.29 22:42:19 WARN  no build target for: /Users/rakshithad/Documents/workspace/inquiry-api-service/assessment-api/qs-hierarchy-manager/src/main/scala/org/sunbird/utils/JavaJsonUtils.scala
2025.10.29 22:42:19 INFO  no build target found for /Users/rakshithad/Documents/workspace/inquiry-api-service/assessment-api/qs-hierarchy-manager/src/main/scala/org/sunbird/utils/JavaJsonUtils.scala. Using presentation compiler with project's scala-library version: 3.3.6
2025.10.29 22:42:19 INFO  no build target found for /Users/rakshithad/Documents/workspace/inquiry-api-service/assessment-api/qs-hierarchy-manager/src/main/scala/org/sunbird/utils/JavaJsonUtils.scala. Using presentation compiler with project's scala-library version: 3.3.6
2025.10.29 22:42:20 INFO  no build target found for /Users/rakshithad/Documents/workspace/inquiry-api-service/assessment-api/assessment-actors/src/main/scala/org/sunbird/utils/AssessmentContants.scala. Using presentation compiler with project's scala-library version: 3.3.6
2025.10.29 22:42:19 INFO  no build target found for /Users/rakshithad/Documents/workspace/inquiry-api-service/assessment-api/assessment-actors/src/main/scala/org/sunbird/utils/AssessmentContants.scala. Using presentation compiler with project's scala-library version: 3.3.6
2025.10.29 22:42:20 WARN  no build target for: /Users/rakshithad/Documents/workspace/inquiry-api-service/assessment-api/assessment-actors/src/main/scala/org/sunbird/utils/AssessmentContants.scala
2025.10.29 22:42:19 WARN  no build target for: /Users/rakshithad/Documents/workspace/inquiry-api-service/assessment-api/assessment-actors/src/main/scala/org/sunbird/utils/AssessmentErrorCodes.scala
2025.10.29 22:42:20 INFO  no build target found for /Users/rakshithad/Documents/workspace/inquiry-api-service/assessment-api/assessment-actors/src/main/scala/org/sunbird/utils/AssessmentErrorCodes.scala. Using presentation compiler with project's scala-library version: 3.3.6
2025.10.29 22:42:19 INFO  no build target found for /Users/rakshithad/Documents/workspace/inquiry-api-service/assessment-api/assessment-actors/src/main/scala/org/sunbird/utils/AssessmentErrorCodes.scala. Using presentation compiler with project's scala-library version: 3.3.6
2025.10.29 22:42:20 WARN  no build target for: /Users/rakshithad/Documents/workspace/inquiry-api-service/assessment-api/qs-hierarchy-manager/src/main/scala/org/sunbird/utils/HierarchyConstants.scala
2025.10.29 22:42:20 INFO  no build target found for /Users/rakshithad/Documents/workspace/inquiry-api-service/assessment-api/qs-hierarchy-manager/src/main/scala/org/sunbird/utils/HierarchyConstants.scala. Using presentation compiler with project's scala-library version: 3.3.6
2025.10.29 22:42:19 INFO  no build target found for /Users/rakshithad/Documents/workspace/inquiry-api-service/assessment-api/qs-hierarchy-manager/src/main/scala/org/sunbird/utils/HierarchyConstants.scala. Using presentation compiler with project's scala-library version: 3.3.6
2025.10.29 22:42:20 WARN  no build target for: /Users/rakshithad/Documents/workspace/inquiry-api-service/assessment-api/qs-hierarchy-manager/src/main/scala/org/sunbird/utils/HierarchyErrorCodes.scala
2025.10.29 22:42:20 INFO  no build target found for /Users/rakshithad/Documents/workspace/inquiry-api-service/assessment-api/qs-hierarchy-manager/src/main/scala/org/sunbird/utils/HierarchyErrorCodes.scala. Using presentation compiler with project's scala-library version: 3.3.6
2025.10.29 22:42:19 INFO  no build target found for /Users/rakshithad/Documents/workspace/inquiry-api-service/assessment-api/qs-hierarchy-manager/src/main/scala/org/sunbird/utils/HierarchyErrorCodes.scala. Using presentation compiler with project's scala-library version: 3.3.6
2025.10.29 22:42:19 INFO  no build target found for /Users/rakshithad/Documents/workspace/inquiry-api-service/assessment-api/qs-hierarchy-manager/src/test/scala/org/sunbird/managers/UpdateHierarchyManagerTest.scala. Using presentation compiler with project's scala-library version: 3.3.6
2025.10.29 22:42:20 INFO  no build target found for /Users/rakshithad/Documents/workspace/inquiry-api-service/assessment-api/qs-hierarchy-manager/src/test/scala/org/sunbird/managers/UpdateHierarchyManagerTest.scala. Using presentation compiler with project's scala-library version: 3.3.6
2025.10.29 22:42:19 WARN  no build target for: /Users/rakshithad/Documents/workspace/inquiry-api-service/assessment-api/qs-hierarchy-manager/src/test/scala/org/sunbird/managers/UpdateHierarchyManagerTest.scala
2025.10.29 22:42:20 INFO  no build target found for /Users/rakshithad/Documents/workspace/inquiry-api-service/assessment-api/assessment-actors/src/test/scala/org/sunbird/actors/TestItemSetActor.scala. Using presentation compiler with project's scala-library version: 3.3.6
2025.10.29 22:42:21 INFO  no build target found for /Users/rakshithad/Documents/workspace/inquiry-api-service/assessment-api/assessment-actors/src/test/scala/org/sunbird/actors/TestItemSetActor.scala. Using presentation compiler with project's scala-library version: 3.3.6
2025.10.29 22:42:21 WARN  no build target for: /Users/rakshithad/Documents/workspace/inquiry-api-service/assessment-api/assessment-actors/src/test/scala/org/sunbird/actors/TestItemSetActor.scala
2025.10.29 22:42:21 INFO  no build target found for /Users/rakshithad/Documents/workspace/inquiry-api-service/assessment-api/qs-hierarchy-manager/src/main/scala/org/sunbird/managers/UpdateHierarchyManager.scala. Using presentation compiler with project's scala-library version: 3.3.6
2025.10.29 22:42:20 WARN  no build target for: /Users/rakshithad/Documents/workspace/inquiry-api-service/assessment-api/qs-hierarchy-manager/src/main/scala/org/sunbird/managers/UpdateHierarchyManager.scala
2025.10.29 22:42:21 INFO  no build target found for /Users/rakshithad/Documents/workspace/inquiry-api-service/assessment-api/qs-hierarchy-manager/src/main/scala/org/sunbird/managers/UpdateHierarchyManager.scala. Using presentation compiler with project's scala-library version: 3.3.6
2025.10.30 00:37:31 INFO  no build target found for /Users/rakshithad/Documents/workspace/inquiry-api-service/assessment-api/assessment-service/app/utils/ApiId.scala. Using presentation compiler with project's scala-library version: 3.3.6
2025.10.30 00:37:31 WARN  no build target for: /Users/rakshithad/Documents/workspace/inquiry-api-service/assessment-api/assessment-service/app/utils/ApiId.scala
2025.10.30 00:37:31 INFO  no build target found for /Users/rakshithad/Documents/workspace/inquiry-api-service/assessment-api/assessment-service/app/utils/ApiId.scala. Using presentation compiler with project's scala-library version: 3.3.6
2025.10.30 00:37:31 INFO  no build target found for /Users/rakshithad/Documents/workspace/inquiry-api-service/assessment-api/assessment-service/app/utils/ActorNames.scala. Using presentation compiler with project's scala-library version: 3.3.6
2025.10.30 00:37:31 WARN  no build target for: /Users/rakshithad/Documents/workspace/inquiry-api-service/assessment-api/assessment-service/app/utils/ActorNames.scala
2025.10.30 00:37:31 INFO  no build target found for /Users/rakshithad/Documents/workspace/inquiry-api-service/assessment-api/assessment-service/app/utils/ActorNames.scala. Using presentation compiler with project's scala-library version: 3.3.6
2025.10.30 00:37:32 WARN  no build target for: /Users/rakshithad/Documents/workspace/inquiry-api-service/assessment-api/assessment-service/app/utils/JavaJsonUtils.scala
2025.10.30 00:37:32 INFO  no build target found for /Users/rakshithad/Documents/workspace/inquiry-api-service/assessment-api/assessment-service/app/utils/JavaJsonUtils.scala. Using presentation compiler with project's scala-library version: 3.3.6
2025.10.30 00:37:32 INFO  no build target found for /Users/rakshithad/Documents/workspace/inquiry-api-service/assessment-api/assessment-service/app/utils/JavaJsonUtils.scala. Using presentation compiler with project's scala-library version: 3.3.6
2025.10.30 00:37:32 INFO  no build target found for /Users/rakshithad/Documents/workspace/inquiry-api-service/assessment-api/assessment-service/app/handlers/SignalHandler.scala. Using presentation compiler with project's scala-library version: 3.3.6
2025.10.30 00:37:32 INFO  no build target found for /Users/rakshithad/Documents/workspace/inquiry-api-service/assessment-api/assessment-service/app/handlers/SignalHandler.scala. Using presentation compiler with project's scala-library version: 3.3.6
2025.10.30 00:37:32 WARN  no build target for: /Users/rakshithad/Documents/workspace/inquiry-api-service/assessment-api/assessment-service/app/handlers/SignalHandler.scala
2025.10.30 00:37:33 WARN  no build target for: /Users/rakshithad/Documents/workspace/inquiry-api-service/assessment-api/assessment-service/app/filters/AccessLogFilter.scala
2025.10.30 00:37:32 INFO  no build target found for /Users/rakshithad/Documents/workspace/inquiry-api-service/assessment-api/assessment-service/app/filters/AccessLogFilter.scala. Using presentation compiler with project's scala-library version: 3.3.6
2025.10.30 00:37:32 INFO  no build target found for /Users/rakshithad/Documents/workspace/inquiry-api-service/assessment-api/assessment-service/app/filters/AccessLogFilter.scala. Using presentation compiler with project's scala-library version: 3.3.6
2025.10.30 00:37:33 INFO  no build target found for /Users/rakshithad/Documents/workspace/inquiry-api-service/assessment-api/assessment-service/app/utils/ItemSetOperations.scala. Using presentation compiler with project's scala-library version: 3.3.6
2025.10.30 00:37:33 INFO  no build target found for /Users/rakshithad/Documents/workspace/inquiry-api-service/assessment-api/assessment-service/app/utils/ItemSetOperations.scala. Using presentation compiler with project's scala-library version: 3.3.6
2025.10.30 00:37:33 WARN  no build target for: /Users/rakshithad/Documents/workspace/inquiry-api-service/assessment-api/assessment-service/app/utils/ItemSetOperations.scala
2025.10.30 00:49:40 INFO  no build target found for /Users/rakshithad/Documents/workspace/inquiry-api-service/assessment-api/assessment-actors/src/test/scala/org/sunbird/actors/TestItemSetActor.scala. Using presentation compiler with project's scala-library version: 3.3.6
2025.10.30 00:49:40 WARN  no build target for: /Users/rakshithad/Documents/workspace/inquiry-api-service/assessment-api/assessment-actors/src/test/scala/org/sunbird/actors/TestItemSetActor.scala
2025.10.30 00:49:40 INFO  no build target found for /Users/rakshithad/Documents/workspace/inquiry-api-service/assessment-api/assessment-actors/src/test/scala/org/sunbird/actors/TestItemSetActor.scala. Using presentation compiler with project's scala-library version: 3.3.6
2025.10.30 00:49:40 INFO  no build target found for /Users/rakshithad/Documents/workspace/inquiry-api-service/assessment-api/assessment-actors/src/test/scala/org/sunbird/actors/QuestionSetActorTest.scala. Using presentation compiler with project's scala-library version: 3.3.6
2025.10.30 00:49:40 WARN  no build target for: /Users/rakshithad/Documents/workspace/inquiry-api-service/assessment-api/assessment-actors/src/test/scala/org/sunbird/actors/QuestionSetActorTest.scala
2025.10.30 00:49:40 INFO  no build target found for /Users/rakshithad/Documents/workspace/inquiry-api-service/assessment-api/assessment-actors/src/test/scala/org/sunbird/actors/QuestionSetActorTest.scala. Using presentation compiler with project's scala-library version: 3.3.6
2025.10.30 00:49:40 WARN  no build target for: /Users/rakshithad/Documents/workspace/inquiry-api-service/assessment-api/qs-hierarchy-manager/src/test/scala/org/sunbird/managers/HierarchyManagerTest.scala
2025.10.30 00:49:40 INFO  no build target found for /Users/rakshithad/Documents/workspace/inquiry-api-service/assessment-api/qs-hierarchy-manager/src/test/scala/org/sunbird/managers/HierarchyManagerTest.scala. Using presentation compiler with project's scala-library version: 3.3.6
2025.10.30 00:49:40 INFO  no build target found for /Users/rakshithad/Documents/workspace/inquiry-api-service/assessment-api/qs-hierarchy-manager/src/test/scala/org/sunbird/managers/HierarchyManagerTest.scala. Using presentation compiler with project's scala-library version: 3.3.6
2025.10.30 00:49:41 INFO  no build target found for /Users/rakshithad/Documents/workspace/inquiry-api-service/assessment-api/assessment-actors/src/main/scala/org/sunbird/utils/AssessmentContants.scala. Using presentation compiler with project's scala-library version: 3.3.6
2025.10.30 00:49:41 INFO  no build target found for /Users/rakshithad/Documents/workspace/inquiry-api-service/assessment-api/assessment-actors/src/main/scala/org/sunbird/utils/AssessmentContants.scala. Using presentation compiler with project's scala-library version: 3.3.6
2025.10.30 00:49:41 WARN  no build target for: /Users/rakshithad/Documents/workspace/inquiry-api-service/assessment-api/assessment-actors/src/main/scala/org/sunbird/utils/AssessmentContants.scala
2025.10.30 00:49:41 INFO  no build target found for /Users/rakshithad/Documents/workspace/inquiry-api-service/assessment-api/assessment-actors/src/test/scala/org/sunbird/actors/QuestionActorTest.scala. Using presentation compiler with project's scala-library version: 3.3.6
2025.10.30 00:49:41 WARN  no build target for: /Users/rakshithad/Documents/workspace/inquiry-api-service/assessment-api/assessment-actors/src/test/scala/org/sunbird/actors/QuestionActorTest.scala
2025.10.30 00:49:41 INFO  no build target found for /Users/rakshithad/Documents/workspace/inquiry-api-service/assessment-api/assessment-actors/src/test/scala/org/sunbird/actors/QuestionActorTest.scala. Using presentation compiler with project's scala-library version: 3.3.6
2025.10.30 00:49:41 WARN  no build target for: /Users/rakshithad/Documents/workspace/inquiry-api-service/assessment-api/assessment-actors/src/main/scala/org/sunbird/utils/RequestUtil.scala
2025.10.30 00:49:41 INFO  no build target found for /Users/rakshithad/Documents/workspace/inquiry-api-service/assessment-api/assessment-actors/src/main/scala/org/sunbird/utils/RequestUtil.scala. Using presentation compiler with project's scala-library version: 3.3.6
2025.10.30 00:49:41 INFO  no build target found for /Users/rakshithad/Documents/workspace/inquiry-api-service/assessment-api/assessment-actors/src/main/scala/org/sunbird/utils/RequestUtil.scala. Using presentation compiler with project's scala-library version: 3.3.6
2025.10.30 00:49:41 WARN  no build target for: /Users/rakshithad/Documents/workspace/inquiry-api-service/assessment-api/qs-hierarchy-manager/src/test/scala/org/sunbird/managers/UpdateHierarchyManagerTest.scala
2025.10.30 00:49:41 INFO  no build target found for /Users/rakshithad/Documents/workspace/inquiry-api-service/assessment-api/qs-hierarchy-manager/src/test/scala/org/sunbird/managers/UpdateHierarchyManagerTest.scala. Using presentation compiler with project's scala-library version: 3.3.6
2025.10.30 00:49:41 INFO  no build target found for /Users/rakshithad/Documents/workspace/inquiry-api-service/assessment-api/qs-hierarchy-manager/src/test/scala/org/sunbird/managers/UpdateHierarchyManagerTest.scala. Using presentation compiler with project's scala-library version: 3.3.6
2025.10.30 00:49:41 INFO  no build target found for /Users/rakshithad/Documents/workspace/inquiry-api-service/assessment-api/assessment-actors/src/main/scala/org/sunbird/utils/AssessmentErrorCodes.scala. Using presentation compiler with project's scala-library version: 3.3.6
2025.10.30 00:49:41 INFO  no build target found for /Users/rakshithad/Documents/workspace/inquiry-api-service/assessment-api/assessment-actors/src/main/scala/org/sunbird/utils/AssessmentErrorCodes.scala. Using presentation compiler with project's scala-library version: 3.3.6
2025.10.30 00:49:41 WARN  no build target for: /Users/rakshithad/Documents/workspace/inquiry-api-service/assessment-api/assessment-actors/src/main/scala/org/sunbird/utils/AssessmentErrorCodes.scala
2025.10.30 00:49:41 WARN  no build target for: /Users/rakshithad/Documents/workspace/inquiry-api-service/assessment-api/qs-hierarchy-manager/src/main/scala/org/sunbird/utils/HierarchyErrorCodes.scala
2025.10.30 00:49:41 INFO  no build target found for /Users/rakshithad/Documents/workspace/inquiry-api-service/assessment-api/qs-hierarchy-manager/src/main/scala/org/sunbird/utils/HierarchyErrorCodes.scala. Using presentation compiler with project's scala-library version: 3.3.6
2025.10.30 00:49:42 INFO  no build target found for /Users/rakshithad/Documents/workspace/inquiry-api-service/assessment-api/qs-hierarchy-manager/src/main/scala/org/sunbird/utils/HierarchyErrorCodes.scala. Using presentation compiler with project's scala-library version: 3.3.6
2025.10.30 00:49:41 WARN  no build target for: /Users/rakshithad/Documents/workspace/inquiry-api-service/assessment-api/qs-hierarchy-manager/src/main/scala/org/sunbird/utils/NodeUtil.scala
2025.10.30 00:49:41 INFO  no build target found for /Users/rakshithad/Documents/workspace/inquiry-api-service/assessment-api/qs-hierarchy-manager/src/main/scala/org/sunbird/utils/NodeUtil.scala. Using presentation compiler with project's scala-library version: 3.3.6
2025.10.30 00:49:41 INFO  no build target found for /Users/rakshithad/Documents/workspace/inquiry-api-service/assessment-api/qs-hierarchy-manager/src/main/scala/org/sunbird/utils/NodeUtil.scala. Using presentation compiler with project's scala-library version: 3.3.6
2025.10.30 00:49:41 INFO  no build target found for /Users/rakshithad/Documents/workspace/inquiry-api-service/assessment-api/qs-hierarchy-manager/src/main/scala/org/sunbird/utils/HierarchyConstants.scala. Using presentation compiler with project's scala-library version: 3.3.6
2025.10.30 00:49:41 INFO  no build target found for /Users/rakshithad/Documents/workspace/inquiry-api-service/assessment-api/qs-hierarchy-manager/src/main/scala/org/sunbird/utils/HierarchyConstants.scala. Using presentation compiler with project's scala-library version: 3.3.6
2025.10.30 00:49:41 WARN  no build target for: /Users/rakshithad/Documents/workspace/inquiry-api-service/assessment-api/qs-hierarchy-manager/src/main/scala/org/sunbird/utils/HierarchyConstants.scala
2025.10.30 00:49:42 WARN  no build target for: /Users/rakshithad/Documents/workspace/inquiry-api-service/assessment-api/qs-hierarchy-manager/src/main/scala/org/sunbird/managers/UpdateHierarchyManager.scala
2025.10.30 00:49:41 INFO  no build target found for /Users/rakshithad/Documents/workspace/inquiry-api-service/assessment-api/qs-hierarchy-manager/src/main/scala/org/sunbird/managers/UpdateHierarchyManager.scala. Using presentation compiler with project's scala-library version: 3.3.6
2025.10.30 00:49:41 INFO  no build target found for /Users/rakshithad/Documents/workspace/inquiry-api-service/assessment-api/qs-hierarchy-manager/src/main/scala/org/sunbird/managers/UpdateHierarchyManager.scala. Using presentation compiler with project's scala-library version: 3.3.6
2025.10.30 00:49:43 INFO  no build target found for /Users/rakshithad/Documents/workspace/inquiry-api-service/assessment-api/assessment-service/test/modules/TestModule.scala. Using presentation compiler with project's scala-library version: 3.3.6
2025.10.30 00:49:43 WARN  no build target for: /Users/rakshithad/Documents/workspace/inquiry-api-service/assessment-api/assessment-service/test/modules/TestModule.scala
2025.10.30 00:49:43 INFO  no build target found for /Users/rakshithad/Documents/workspace/inquiry-api-service/assessment-api/assessment-service/test/modules/TestModule.scala. Using presentation compiler with project's scala-library version: 3.3.6
2025.10.30 01:16:04 WARN  no build target for: /Users/rakshithad/Documents/workspace/inquiry-api-service/assessment-api/assessment-actors/src/test/scala/org/sunbird/actors/QuestionActorTest.scala
2025.10.30 01:16:04 INFO  no build target found for /Users/rakshithad/Documents/workspace/inquiry-api-service/assessment-api/assessment-actors/src/test/scala/org/sunbird/actors/QuestionActorTest.scala. Using presentation compiler with project's scala-library version: 3.3.6
2025.10.30 01:16:04 INFO  no build target found for /Users/rakshithad/Documents/workspace/inquiry-api-service/assessment-api/assessment-actors/src/test/scala/org/sunbird/actors/QuestionActorTest.scala. Using presentation compiler with project's scala-library version: 3.3.6
2025.10.30 01:16:06 WARN  no build target for: /Users/rakshithad/Documents/workspace/inquiry-api-service/assessment-api/qs-hierarchy-manager/src/test/scala/org/sunbird/managers/UpdateHierarchyManagerTest.scala
2025.10.30 01:16:06 INFO  no build target found for /Users/rakshithad/Documents/workspace/inquiry-api-service/assessment-api/qs-hierarchy-manager/src/test/scala/org/sunbird/managers/UpdateHierarchyManagerTest.scala. Using presentation compiler with project's scala-library version: 3.3.6
2025.10.30 01:16:06 INFO  no build target found for /Users/rakshithad/Documents/workspace/inquiry-api-service/assessment-api/qs-hierarchy-manager/src/test/scala/org/sunbird/managers/UpdateHierarchyManagerTest.scala. Using presentation compiler with project's scala-library version: 3.3.6
2025.10.30 01:16:06 WARN  no build target for: /Users/rakshithad/Documents/workspace/inquiry-api-service/assessment-api/assessment-actors/src/test/scala/org/sunbird/actors/QuestionSetActorTest.scala
2025.10.30 01:16:06 INFO  no build target found for /Users/rakshithad/Documents/workspace/inquiry-api-service/assessment-api/assessment-actors/src/test/scala/org/sunbird/actors/QuestionSetActorTest.scala. Using presentation compiler with project's scala-library version: 3.3.6
2025.10.30 01:16:06 INFO  no build target found for /Users/rakshithad/Documents/workspace/inquiry-api-service/assessment-api/assessment-actors/src/test/scala/org/sunbird/actors/QuestionSetActorTest.scala. Using presentation compiler with project's scala-library version: 3.3.6
2025.10.30 01:16:07 INFO  no build target found for /Users/rakshithad/Documents/workspace/inquiry-api-service/assessment-api/assessment-actors/src/test/scala/org/sunbird/actors/TestItemSetActor.scala. Using presentation compiler with project's scala-library version: 3.3.6
2025.10.30 01:16:07 INFO  no build target found for /Users/rakshithad/Documents/workspace/inquiry-api-service/assessment-api/assessment-actors/src/test/scala/org/sunbird/actors/TestItemSetActor.scala. Using presentation compiler with project's scala-library version: 3.3.6
2025.10.30 01:16:07 WARN  no build target for: /Users/rakshithad/Documents/workspace/inquiry-api-service/assessment-api/assessment-actors/src/test/scala/org/sunbird/actors/TestItemSetActor.scala
2025.10.30 01:16:08 WARN  no build target for: /Users/rakshithad/Documents/workspace/inquiry-api-service/assessment-api/qs-hierarchy-manager/src/test/scala/org/sunbird/managers/HierarchyManagerTest.scala
2025.10.30 01:16:07 INFO  no build target found for /Users/rakshithad/Documents/workspace/inquiry-api-service/assessment-api/qs-hierarchy-manager/src/test/scala/org/sunbird/managers/HierarchyManagerTest.scala. Using presentation compiler with project's scala-library version: 3.3.6
2025.10.30 01:16:07 INFO  no build target found for /Users/rakshithad/Documents/workspace/inquiry-api-service/assessment-api/qs-hierarchy-manager/src/test/scala/org/sunbird/managers/HierarchyManagerTest.scala. Using presentation compiler with project's scala-library version: 3.3.6
2025.10.30 01:16:08 WARN  no build target for: /Users/rakshithad/Documents/workspace/inquiry-api-service/assessment-api/assessment-actors/src/main/scala/org/sunbird/utils/AssessmentContants.scala
2025.10.30 01:16:07 INFO  no build target found for /Users/rakshithad/Documents/workspace/inquiry-api-service/assessment-api/assessment-actors/src/main/scala/org/sunbird/utils/AssessmentContants.scala. Using presentation compiler with project's scala-library version: 3.3.6
2025.10.30 01:16:08 INFO  no build target found for /Users/rakshithad/Documents/workspace/inquiry-api-service/assessment-api/assessment-actors/src/main/scala/org/sunbird/utils/AssessmentContants.scala. Using presentation compiler with project's scala-library version: 3.3.6
2025.10.30 01:16:07 INFO  no build target found for /Users/rakshithad/Documents/workspace/inquiry-api-service/assessment-api/assessment-actors/src/main/scala/org/sunbird/utils/RequestUtil.scala. Using presentation compiler with project's scala-library version: 3.3.6
2025.10.30 01:16:07 WARN  no build target for: /Users/rakshithad/Documents/workspace/inquiry-api-service/assessment-api/assessment-actors/src/main/scala/org/sunbird/utils/RequestUtil.scala
2025.10.30 01:16:07 INFO  no build target found for /Users/rakshithad/Documents/workspace/inquiry-api-service/assessment-api/assessment-actors/src/main/scala/org/sunbird/utils/RequestUtil.scala. Using presentation compiler with project's scala-library version: 3.3.6
2025.10.30 01:16:08 WARN  no build target for: /Users/rakshithad/Documents/workspace/inquiry-api-service/assessment-api/qs-hierarchy-manager/src/main/scala/org/sunbird/utils/HierarchyErrorCodes.scala
2025.10.30 01:16:08 INFO  no build target found for /Users/rakshithad/Documents/workspace/inquiry-api-service/assessment-api/qs-hierarchy-manager/src/main/scala/org/sunbird/utils/HierarchyErrorCodes.scala. Using presentation compiler with project's scala-library version: 3.3.6
2025.10.30 01:16:08 INFO  no build target found for /Users/rakshithad/Documents/workspace/inquiry-api-service/assessment-api/qs-hierarchy-manager/src/main/scala/org/sunbird/utils/HierarchyErrorCodes.scala. Using presentation compiler with project's scala-library version: 3.3.6
2025.10.30 01:16:08 INFO  no build target found for /Users/rakshithad/Documents/workspace/inquiry-api-service/assessment-api/assessment-actors/src/main/scala/org/sunbird/utils/AssessmentErrorCodes.scala. Using presentation compiler with project's scala-library version: 3.3.6
2025.10.30 01:16:08 WARN  no build target for: /Users/rakshithad/Documents/workspace/inquiry-api-service/assessment-api/assessment-actors/src/main/scala/org/sunbird/utils/AssessmentErrorCodes.scala
2025.10.30 01:16:08 INFO  no build target found for /Users/rakshithad/Documents/workspace/inquiry-api-service/assessment-api/assessment-actors/src/main/scala/org/sunbird/utils/AssessmentErrorCodes.scala. Using presentation compiler with project's scala-library version: 3.3.6
2025.10.30 01:16:08 WARN  no build target for: /Users/rakshithad/Documents/workspace/inquiry-api-service/assessment-api/assessment-service/test/modules/TestModule.scala
2025.10.30 01:16:09 INFO  no build target found for /Users/rakshithad/Documents/workspace/inquiry-api-service/assessment-api/assessment-service/test/modules/TestModule.scala. Using presentation compiler with project's scala-library version: 3.3.6
2025.10.30 01:16:08 INFO  no build target found for /Users/rakshithad/Documents/workspace/inquiry-api-service/assessment-api/assessment-service/test/modules/TestModule.scala. Using presentation compiler with project's scala-library version: 3.3.6
2025.10.30 01:16:09 INFO  no build target found for /Users/rakshithad/Documents/workspace/inquiry-api-service/assessment-api/qs-hierarchy-manager/src/main/scala/org/sunbird/utils/NodeUtil.scala. Using presentation compiler with project's scala-library version: 3.3.6
2025.10.30 01:16:09 WARN  no build target for: /Users/rakshithad/Documents/workspace/inquiry-api-service/assessment-api/qs-hierarchy-manager/src/main/scala/org/sunbird/utils/NodeUtil.scala
2025.10.30 01:16:08 INFO  no build target found for /Users/rakshithad/Documents/workspace/inquiry-api-service/assessment-api/qs-hierarchy-manager/src/main/scala/org/sunbird/utils/NodeUtil.scala. Using presentation compiler with project's scala-library version: 3.3.6
2025.10.30 01:16:09 INFO  no build target found for /Users/rakshithad/Documents/workspace/inquiry-api-service/assessment-api/qs-hierarchy-manager/src/main/scala/org/sunbird/utils/HierarchyConstants.scala. Using presentation compiler with project's scala-library version: 3.3.6
2025.10.30 01:16:08 INFO  no build target found for /Users/rakshithad/Documents/workspace/inquiry-api-service/assessment-api/qs-hierarchy-manager/src/main/scala/org/sunbird/utils/HierarchyConstants.scala. Using presentation compiler with project's scala-library version: 3.3.6
2025.10.30 01:16:09 WARN  no build target for: /Users/rakshithad/Documents/workspace/inquiry-api-service/assessment-api/qs-hierarchy-manager/src/main/scala/org/sunbird/utils/HierarchyConstants.scala
2025.10.30 01:16:10 INFO  no build target found for /Users/rakshithad/Documents/workspace/inquiry-api-service/assessment-api/qs-hierarchy-manager/src/main/scala/org/sunbird/managers/UpdateHierarchyManager.scala. Using presentation compiler with project's scala-library version: 3.3.6
2025.10.30 01:16:10 WARN  no build target for: /Users/rakshithad/Documents/workspace/inquiry-api-service/assessment-api/qs-hierarchy-manager/src/main/scala/org/sunbird/managers/UpdateHierarchyManager.scala
2025.10.30 01:16:10 INFO  no build target found for /Users/rakshithad/Documents/workspace/inquiry-api-service/assessment-api/qs-hierarchy-manager/src/main/scala/org/sunbird/managers/UpdateHierarchyManager.scala. Using presentation compiler with project's scala-library version: 3.3.6
2025.10.30 01:21:00 INFO  no build target found for /Users/rakshithad/Documents/workspace/inquiry-api-service/assessment-api/assessment-actors/src/test/scala/org/sunbird/actors/TestItemSetActor.scala. Using presentation compiler with project's scala-library version: 3.3.6
2025.10.30 01:21:00 INFO  no build target found for /Users/rakshithad/Documents/workspace/inquiry-api-service/assessment-api/assessment-actors/src/test/scala/org/sunbird/actors/TestItemSetActor.scala. Using presentation compiler with project's scala-library version: 3.3.6
2025.10.30 01:21:00 WARN  no build target for: /Users/rakshithad/Documents/workspace/inquiry-api-service/assessment-api/assessment-actors/src/test/scala/org/sunbird/actors/TestItemSetActor.scala
2025.10.30 01:21:02 INFO  no build target found for /Users/rakshithad/Documents/workspace/inquiry-api-service/assessment-api/qs-hierarchy-manager/src/test/scala/org/sunbird/managers/UpdateHierarchyManagerTest.scala. Using presentation compiler with project's scala-library version: 3.3.6
2025.10.30 01:21:02 INFO  no build target found for /Users/rakshithad/Documents/workspace/inquiry-api-service/assessment-api/qs-hierarchy-manager/src/test/scala/org/sunbird/managers/UpdateHierarchyManagerTest.scala. Using presentation compiler with project's scala-library version: 3.3.6
2025.10.30 01:21:02 WARN  no build target for: /Users/rakshithad/Documents/workspace/inquiry-api-service/assessment-api/qs-hierarchy-manager/src/test/scala/org/sunbird/managers/UpdateHierarchyManagerTest.scala
2025.10.30 01:21:02 WARN  no build target for: /Users/rakshithad/Documents/workspace/inquiry-api-service/assessment-api/assessment-actors/src/test/scala/org/sunbird/actors/QuestionActorTest.scala
2025.10.30 01:21:02 INFO  no build target found for /Users/rakshithad/Documents/workspace/inquiry-api-service/assessment-api/assessment-actors/src/test/scala/org/sunbird/actors/QuestionActorTest.scala. Using presentation compiler with project's scala-library version: 3.3.6
2025.10.30 01:21:02 INFO  no build target found for /Users/rakshithad/Documents/workspace/inquiry-api-service/assessment-api/assessment-actors/src/test/scala/org/sunbird/actors/QuestionActorTest.scala. Using presentation compiler with project's scala-library version: 3.3.6
2025.10.30 01:21:02 INFO  no build target found for /Users/rakshithad/Documents/workspace/inquiry-api-service/assessment-api/assessment-actors/src/test/scala/org/sunbird/actors/QuestionSetActorTest.scala. Using presentation compiler with project's scala-library version: 3.3.6
2025.10.30 01:21:03 WARN  no build target for: /Users/rakshithad/Documents/workspace/inquiry-api-service/assessment-api/assessment-actors/src/test/scala/org/sunbird/actors/QuestionSetActorTest.scala
2025.10.30 01:21:03 INFO  no build target found for /Users/rakshithad/Documents/workspace/inquiry-api-service/assessment-api/assessment-actors/src/test/scala/org/sunbird/actors/QuestionSetActorTest.scala. Using presentation compiler with project's scala-library version: 3.3.6
2025.10.30 01:21:04 WARN  no build target for: /Users/rakshithad/Documents/workspace/inquiry-api-service/assessment-api/qs-hierarchy-manager/src/test/scala/org/sunbird/managers/HierarchyManagerTest.scala
2025.10.30 01:21:03 INFO  no build target found for /Users/rakshithad/Documents/workspace/inquiry-api-service/assessment-api/qs-hierarchy-manager/src/test/scala/org/sunbird/managers/HierarchyManagerTest.scala. Using presentation compiler with project's scala-library version: 3.3.6
2025.10.30 01:21:03 INFO  no build target found for /Users/rakshithad/Documents/workspace/inquiry-api-service/assessment-api/qs-hierarchy-manager/src/test/scala/org/sunbird/managers/HierarchyManagerTest.scala. Using presentation compiler with project's scala-library version: 3.3.6
2025.10.30 01:21:04 INFO  no build target found for /Users/rakshithad/Documents/workspace/inquiry-api-service/assessment-api/assessment-actors/src/main/scala/org/sunbird/utils/AssessmentContants.scala. Using presentation compiler with project's scala-library version: 3.3.6
2025.10.30 01:21:04 WARN  no build target for: /Users/rakshithad/Documents/workspace/inquiry-api-service/assessment-api/assessment-actors/src/main/scala/org/sunbird/utils/AssessmentContants.scala
2025.10.30 01:21:04 INFO  no build target found for /Users/rakshithad/Documents/workspace/inquiry-api-service/assessment-api/assessment-actors/src/main/scala/org/sunbird/utils/AssessmentContants.scala. Using presentation compiler with project's scala-library version: 3.3.6
2025.10.30 01:21:04 WARN  no build target for: /Users/rakshithad/Documents/workspace/inquiry-api-service/assessment-api/assessment-actors/src/main/scala/org/sunbird/utils/RequestUtil.scala
2025.10.30 01:21:04 INFO  no build target found for /Users/rakshithad/Documents/workspace/inquiry-api-service/assessment-api/assessment-actors/src/main/scala/org/sunbird/utils/RequestUtil.scala. Using presentation compiler with project's scala-library version: 3.3.6
2025.10.30 01:21:04 INFO  no build target found for /Users/rakshithad/Documents/workspace/inquiry-api-service/assessment-api/assessment-actors/src/main/scala/org/sunbird/utils/RequestUtil.scala. Using presentation compiler with project's scala-library version: 3.3.6
2025.10.30 01:21:05 INFO  no build target found for /Users/rakshithad/Documents/workspace/inquiry-api-service/assessment-api/qs-hierarchy-manager/src/main/scala/org/sunbird/utils/HierarchyErrorCodes.scala. Using presentation compiler with project's scala-library version: 3.3.6
2025.10.30 01:21:04 WARN  no build target for: /Users/rakshithad/Documents/workspace/inquiry-api-service/assessment-api/qs-hierarchy-manager/src/main/scala/org/sunbird/utils/HierarchyErrorCodes.scala
2025.10.30 01:21:04 INFO  no build target found for /Users/rakshithad/Documents/workspace/inquiry-api-service/assessment-api/qs-hierarchy-manager/src/main/scala/org/sunbird/utils/HierarchyErrorCodes.scala. Using presentation compiler with project's scala-library version: 3.3.6
2025.10.30 01:21:04 INFO  no build target found for /Users/rakshithad/Documents/workspace/inquiry-api-service/assessment-api/assessment-actors/src/main/scala/org/sunbird/utils/AssessmentErrorCodes.scala. Using presentation compiler with project's scala-library version: 3.3.6
2025.10.30 01:21:05 WARN  no build target for: /Users/rakshithad/Documents/workspace/inquiry-api-service/assessment-api/assessment-actors/src/main/scala/org/sunbird/utils/AssessmentErrorCodes.scala
2025.10.30 01:21:04 INFO  no build target found for /Users/rakshithad/Documents/workspace/inquiry-api-service/assessment-api/assessment-actors/src/main/scala/org/sunbird/utils/AssessmentErrorCodes.scala. Using presentation compiler with project's scala-library version: 3.3.6
2025.10.30 01:21:04 WARN  no build target for: /Users/rakshithad/Documents/workspace/inquiry-api-service/assessment-api/assessment-service/test/modules/TestModule.scala
2025.10.30 01:21:04 INFO  no build target found for /Users/rakshithad/Documents/workspace/inquiry-api-service/assessment-api/assessment-service/test/modules/TestModule.scala. Using presentation compiler with project's scala-library version: 3.3.6
2025.10.30 01:21:05 INFO  no build target found for /Users/rakshithad/Documents/workspace/inquiry-api-service/assessment-api/assessment-service/test/modules/TestModule.scala. Using presentation compiler with project's scala-library version: 3.3.6
2025.10.30 01:21:06 INFO  no build target found for /Users/rakshithad/Documents/workspace/inquiry-api-service/assessment-api/qs-hierarchy-manager/src/main/scala/org/sunbird/utils/NodeUtil.scala. Using presentation compiler with project's scala-library version: 3.3.6
2025.10.30 01:21:06 INFO  no build target found for /Users/rakshithad/Documents/workspace/inquiry-api-service/assessment-api/qs-hierarchy-manager/src/main/scala/org/sunbird/utils/NodeUtil.scala. Using presentation compiler with project's scala-library version: 3.3.6
2025.10.30 01:21:06 WARN  no build target for: /Users/rakshithad/Documents/workspace/inquiry-api-service/assessment-api/qs-hierarchy-manager/src/main/scala/org/sunbird/utils/NodeUtil.scala
2025.10.30 01:21:06 INFO  no build target found for /Users/rakshithad/Documents/workspace/inquiry-api-service/assessment-api/qs-hierarchy-manager/src/main/scala/org/sunbird/utils/HierarchyConstants.scala. Using presentation compiler with project's scala-library version: 3.3.6
2025.10.30 01:21:06 INFO  no build target found for /Users/rakshithad/Documents/workspace/inquiry-api-service/assessment-api/qs-hierarchy-manager/src/main/scala/org/sunbird/utils/HierarchyConstants.scala. Using presentation compiler with project's scala-library version: 3.3.6
2025.10.30 01:21:05 WARN  no build target for: /Users/rakshithad/Documents/workspace/inquiry-api-service/assessment-api/qs-hierarchy-manager/src/main/scala/org/sunbird/utils/HierarchyConstants.scala
2025.10.30 01:21:06 WARN  no build target for: /Users/rakshithad/Documents/workspace/inquiry-api-service/assessment-api/qs-hierarchy-manager/src/main/scala/org/sunbird/managers/UpdateHierarchyManager.scala
2025.10.30 01:21:06 INFO  no build target found for /Users/rakshithad/Documents/workspace/inquiry-api-service/assessment-api/qs-hierarchy-manager/src/main/scala/org/sunbird/managers/UpdateHierarchyManager.scala. Using presentation compiler with project's scala-library version: 3.3.6
2025.10.30 01:21:06 INFO  no build target found for /Users/rakshithad/Documents/workspace/inquiry-api-service/assessment-api/qs-hierarchy-manager/src/main/scala/org/sunbird/managers/UpdateHierarchyManager.scala. Using presentation compiler with project's scala-library version: 3.3.6
org.h2.message.DbException: Log file error: "/Users/rakshithad/Documents/workspace/inquiry-api-service/.metals/metals.trace.db", cause: "java.nio.file.FileSystemException: /Users/rakshithad/Documents/workspace/inquiry-api-service/.metals/metals.trace.db: No space left on device" [90034-240]
org.h2.message.DbException: Log file error: "/Users/rakshithad/Documents/workspace/inquiry-api-service/.metals/metals.trace.db", cause: "java.nio.file.FileSystemException: /Users/rakshithad/Documents/workspace/inquiry-api-service/.metals/metals.trace.db: No space left on device" [90034-240]


2025.10.30 01:27:40 WARN  no build target for: /Users/rakshithad/Documents/workspace/inquiry-api-service/assessment-api/assessment-actors/src/main/scala/org/sunbird/v5/actors/QuestionSetActor.scala
2025.10.30 01:27:40 INFO  no build target found for /Users/rakshithad/Documents/workspace/inquiry-api-service/assessment-api/assessment-actors/src/test/scala/org/sunbird/actors/v5/QuestionSetActorTest.scala. Using presentation compiler with project's scala-library version: 3.3.6
2025.10.30 01:27:40 WARN  no build target for: /Users/rakshithad/Documents/workspace/inquiry-api-service/assessment-api/assessment-actors/src/test/scala/org/sunbird/actors/v5/QuestionSetActorTest.scala
2025.10.30 01:27:40 WARN  no build target for: /Users/rakshithad/Documents/workspace/inquiry-api-service/assessment-api/assessment-actors/src/main/scala/org/sunbird/v5/managers/AssessmentV5Manager.scala
2025.10.30 01:27:40 WARN  no build target for: /Users/rakshithad/Documents/workspace/inquiry-api-service/assessment-api/assessment-service/app/controllers/v4/QuestionController.scala
2025.10.30 01:27:40 WARN  no build target for: /Users/rakshithad/Documents/workspace/inquiry-api-service/assessment-api/assessment-actors/src/main/scala/org/sunbird/managers/AssessmentManager.scala
2025.10.30 01:27:49 INFO  no build target found for /Users/rakshithad/Documents/workspace/inquiry-api-service/assessment-api/assessment-service/app/controllers/v4/QuestionController.scala. Using presentation compiler with project's scala-library version: 3.3.6
2025.10.30 01:27:50 INFO  no build target found for /Users/rakshithad/Documents/workspace/inquiry-api-service/assessment-api/assessment-actors/src/main/scala/org/sunbird/managers/AssessmentManager.scala. Using presentation compiler with project's scala-library version: 3.3.6
2025.10.30 01:27:51 INFO  no build target found for /Users/rakshithad/Documents/workspace/inquiry-api-service/assessment-api/assessment-actors/src/main/scala/org/sunbird/v5/managers/AssessmentV5Manager.scala. Using presentation compiler with project's scala-library version: 3.3.6
2025.10.30 01:27:55 INFO  no build target found for /Users/rakshithad/Documents/workspace/inquiry-api-service/assessment-api/assessment-actors/src/main/scala/org/sunbird/v5/actors/QuestionSetActor.scala. Using presentation compiler with project's scala-library version: 3.3.6
2025.10.30 01:32:36 INFO  Shutting down server
2025.10.30 01:32:36 INFO  shutting down Metals
2025.10.30 01:32:36 INFO  Exiting server
2025.10.30 11:32:29 INFO  Started: Metals version 1.6.3 in folders '/Users/rakshithad/Documents/workspace/inquiry-api-service' for client Cursor 1.99.3.
2025.10.30 11:32:30 WARN  Using H2 2.4.240 which is newer than the version Flyway has been verified with. The latest verified version of H2 is 2.3.232.
